"snippet","data_ref","x","y","tied_data_refs"
"cis''","/home/henri/projects/partitur-data/Tuhan_Maha_Kasih/Tuhan_Maha_Kasih_ly_main.ly:286:3",13.819,33.047,""
"b'","/home/henri/projects/partitur-data/Tuhan_Maha_Kasih/Tuhan_Maha_Kasih_ly_main.ly:286:48",17.759,33.047,""
"dis''","/home/henri/projects/partitur-data/Tuhan_Maha_Kasih/Tuhan_Maha_Kasih_ly_main.ly:286:54",20.499,33.047,""
"dis''","/home/henri/projects/partitur-data/Tuhan_Maha_Kasih/Tuhan_Maha_Kasih_ly_main.ly:286:61",29.918,33.047,""
"dis''","/home/henri/projects/partitur-data/Tuhan_Maha_Kasih/Tuhan_Maha_Kasih_ly_main.ly:287:3",34.55,33.047,""
"e''","/home/henri/projects/partitur-data/Tuhan_Maha_Kasih/Tuhan_Maha_Kasih_ly_main.ly:287:10",38.49,33.047,""
"cis''","/home/henri/projects/partitur-data/Tuhan_Maha_Kasih/Tuhan_Maha_Kasih_ly_main.ly:287:15",41.77,33.047,""
"ais'","/home/henri/projects/partitur-data/Tuhan_Maha_Kasih/Tuhan_Maha_Kasih_ly_main.ly:288:6",57.574,33.047,""
"b'","/home/henri/projects/partitur-data/Tuhan_Maha_Kasih/Tuhan_Maha_Kasih_ly_main.ly:288:12",61.317,33.047,""
"cis''","/home/henri/projects/partitur-data/Tuhan_Maha_Kasih/Tuhan_Maha_Kasih_ly_main.ly:288:16",66.8,33.047,""
"fis''","/home/henri/projects/partitur-data/Tuhan_Maha_Kasih/Tuhan_Maha_Kasih_ly_main.ly:288:24",74.13,33.047,""
"fis''","/home/henri/projects/partitur-data/Tuhan_Maha_Kasih/Tuhan_Maha_Kasih_ly_main.ly:289:3",78.115,33.047,""
"dis''","/home/henri/projects/partitur-data/Tuhan_Maha_Kasih/Tuhan_Maha_Kasih_ly_main.ly:289:10",82.872,33.047,""
"dis''","/home/henri/projects/partitur-data/Tuhan_Maha_Kasih/Tuhan_Maha_Kasih_ly_main.ly:289:24",96.392,33.047,""
"e''","/home/henri/projects/partitur-data/Tuhan_Maha_Kasih/Tuhan_Maha_Kasih_ly_main.ly:289:32",100.083,33.047,""
"fis''","/home/henri/projects/partitur-data/Tuhan_Maha_Kasih/Tuhan_Maha_Kasih_ly_main.ly:290:3",106.728,33.047,""
"fis''","/home/henri/projects/partitur-data/Tuhan_Maha_Kasih/Tuhan_Maha_Kasih_ly_main.ly:290:12",114.608,33.047,""
"fis''","/home/henri/projects/partitur-data/Tuhan_Maha_Kasih/Tuhan_Maha_Kasih_ly_main.ly:290:20",121.287,33.047,""
"fis''","/home/henri/projects/partitur-data/Tuhan_Maha_Kasih/Tuhan_Maha_Kasih_ly_main.ly:291:3",125.33,33.047,""
"e''","/home/henri/projects/partitur-data/Tuhan_Maha_Kasih/Tuhan_Maha_Kasih_ly_main.ly:291:14",128.069,33.047,""
"gis'","/home/henri/projects/partitur-data/Tuhan_Maha_Kasih/Tuhan_Maha_Kasih_ly_main.ly:291:34",130.809,33.047,""
"gis''","/home/henri/projects/partitur-data/Tuhan_Maha_Kasih/Tuhan_Maha_Kasih_ly_main.ly:291:43",141.089,33.047,""
"fis''","/home/henri/projects/partitur-data/Tuhan_Maha_Kasih/Tuhan_Maha_Kasih_ly_main.ly:292:3",145.251,33.047,""
"cis''","/home/henri/projects/partitur-data/Tuhan_Maha_Kasih/Tuhan_Maha_Kasih_ly_main.ly:292:11",151.93,33.047,""
"fis''","/home/henri/projects/partitur-data/Tuhan_Maha_Kasih/Tuhan_Maha_Kasih_ly_main.ly:292:18",156.801,33.047,""
"e''","/home/henri/projects/partitur-data/Tuhan_Maha_Kasih/Tuhan_Maha_Kasih_ly_main.ly:292:26",163.48,33.047,""
"dis''","/home/henri/projects/partitur-data/Tuhan_Maha_Kasih/Tuhan_Maha_Kasih_ly_main.ly:296:3",167.464,33.047,""
"cis'","/home/henri/projects/partitur-data/Tuhan_Maha_Kasih/Tuhan_Maha_Kasih_ly_main.ly:498:3",183.84,56.626,""
"b","/home/henri/projects/partitur-data/Tuhan_Maha_Kasih/Tuhan_Maha_Kasih_ly_main.ly:498:87",187.78,56.626,""
"dis'","/home/henri/projects/partitur-data/Tuhan_Maha_Kasih/Tuhan_Maha_Kasih_ly_main.ly:498:90",191.036,56.626,""
"dis'","/home/henri/projects/partitur-data/Tuhan_Maha_Kasih/Tuhan_Maha_Kasih_ly_main.ly:498:96",200.455,56.626,""
"cis'","/home/henri/projects/partitur-data/Tuhan_Maha_Kasih/Tuhan_Maha_Kasih_ly_main.ly:499:3",204.44,56.626,""
"fis'","/home/henri/projects/partitur-data/Tuhan_Maha_Kasih/Tuhan_Maha_Kasih_ly_main.ly:499:11",208.379,56.626,""
"fis'","/home/henri/projects/partitur-data/Tuhan_Maha_Kasih/Tuhan_Maha_Kasih_ly_main.ly:499:19",211.119,56.626,""
"e'","/home/henri/projects/partitur-data/Tuhan_Maha_Kasih/Tuhan_Maha_Kasih_ly_main.ly:500:6",226.923,56.626,""
"dis'","/home/henri/projects/partitur-data/Tuhan_Maha_Kasih/Tuhan_Maha_Kasih_ly_main.ly:500:10",232.807,56.626,""
"cis'","/home/henri/projects/partitur-data/Tuhan_Maha_Kasih/Tuhan_Maha_Kasih_ly_main.ly:500:16",237.414,56.626,""
"dis'","/home/henri/projects/partitur-data/Tuhan_Maha_Kasih/Tuhan_Maha_Kasih_ly_main.ly:500:24",240.447,56.626,""
"e'","/home/henri/projects/partitur-data/Tuhan_Maha_Kasih/Tuhan_Maha_Kasih_ly_main.ly:500:33",242.734,56.626,""
"ais'","/home/henri/projects/partitur-data/Tuhan_Maha_Kasih/Tuhan_Maha_Kasih_ly_main.ly:500:42",248.142,56.626,""
"fis'","/home/henri/projects/partitur-data/Tuhan_Maha_Kasih/Tuhan_Maha_Kasih_ly_main.ly:501:3",252.127,56.626,""
"dis'","/home/henri/projects/partitur-data/Tuhan_Maha_Kasih/Tuhan_Maha_Kasih_ly_main.ly:401:13",265.267,46.353,""
"e'","/home/henri/projects/partitur-data/Tuhan_Maha_Kasih/Tuhan_Maha_Kasih_ly_main.ly:401:23",267.714,46.353,""
"fis'","/home/henri/projects/partitur-data/Tuhan_Maha_Kasih/Tuhan_Maha_Kasih_ly_main.ly:502:3",271.099,56.626,""
"fis'","/home/henri/projects/partitur-data/Tuhan_Maha_Kasih/Tuhan_Maha_Kasih_ly_main.ly:402:16",271.099,46.353,""
"fis'","/home/henri/projects/partitur-data/Tuhan_Maha_Kasih/Tuhan_Maha_Kasih_ly_main.ly:502:9",275.465,56.626,""
"fisis'","/home/henri/projects/partitur-data/Tuhan_Maha_Kasih/Tuhan_Maha_Kasih_ly_main.ly:502:15",280.478,56.626,""
"fisis'","/home/henri/projects/partitur-data/Tuhan_Maha_Kasih/Tuhan_Maha_Kasih_ly_main.ly:402:34",280.478,46.353,""
"fisis'","/home/henri/projects/partitur-data/Tuhan_Maha_Kasih/Tuhan_Maha_Kasih_ly_main.ly:502:23",284.985,56.626,""
"dis''","/home/henri/projects/partitur-data/Tuhan_Maha_Kasih/Tuhan_Maha_Kasih_ly_main.ly:402:42",284.985,46.353,""
"cis''","/home/henri/projects/partitur-data/Tuhan_Maha_Kasih/Tuhan_Maha_Kasih_ly_main.ly:402:49",287.939,46.353,""
"gis'","/home/henri/projects/partitur-data/Tuhan_Maha_Kasih/Tuhan_Maha_Kasih_ly_main.ly:503:3",291.923,56.626,""
"cis''","/home/henri/projects/partitur-data/Tuhan_Maha_Kasih/Tuhan_Maha_Kasih_ly_main.ly:403:16",291.923,46.353,""
"b'","/home/henri/projects/partitur-data/Tuhan_Maha_Kasih/Tuhan_Maha_Kasih_ly_main.ly:403:25",294.323,46.353,""
"e'","/home/henri/projects/partitur-data/Tuhan_Maha_Kasih/Tuhan_Maha_Kasih_ly_main.ly:503:10",297.063,56.626,""
"gis'","/home/henri/projects/partitur-data/Tuhan_Maha_Kasih/Tuhan_Maha_Kasih_ly_main.ly:403:31",297.063,46.353,""
"dis'","/home/henri/projects/partitur-data/Tuhan_Maha_Kasih/Tuhan_Maha_Kasih_ly_main.ly:503:14",301.626,56.626,""
"e'","/home/henri/projects/partitur-data/Tuhan_Maha_Kasih/Tuhan_Maha_Kasih_ly_main.ly:503:20",305.838,56.626,""
"e'","/home/henri/projects/partitur-data/Tuhan_Maha_Kasih/Tuhan_Maha_Kasih_ly_main.ly:503:27",312.518,56.626,""
"gis'","/home/henri/projects/partitur-data/Tuhan_Maha_Kasih/Tuhan_Maha_Kasih_ly_main.ly:403:41",312.518,46.353,""
"dis'","/home/henri/projects/partitur-data/Tuhan_Maha_Kasih/Tuhan_Maha_Kasih_ly_main.ly:504:3",316.502,56.626,""
"fis'","/home/henri/projects/partitur-data/Tuhan_Maha_Kasih/Tuhan_Maha_Kasih_ly_main.ly:404:3",316.502,46.353,""
"dis'","/home/henri/projects/partitur-data/Tuhan_Maha_Kasih/Tuhan_Maha_Kasih_ly_main.ly:504:9",319.242,56.626,""
"fis'","/home/henri/projects/partitur-data/Tuhan_Maha_Kasih/Tuhan_Maha_Kasih_ly_main.ly:404:9",319.242,46.353,""
"e'","/home/henri/projects/partitur-data/Tuhan_Maha_Kasih/Tuhan_Maha_Kasih_ly_main.ly:504:15",325.288,56.626,""
"fis'","/home/henri/projects/partitur-data/Tuhan_Maha_Kasih/Tuhan_Maha_Kasih_ly_main.ly:404:15",325.288,46.353,""
"fis'","/home/henri/projects/partitur-data/Tuhan_Maha_Kasih/Tuhan_Maha_Kasih_ly_main.ly:504:19",328.656,56.626,""
"dis''","/home/henri/projects/partitur-data/Tuhan_Maha_Kasih/Tuhan_Maha_Kasih_ly_main.ly:404:21",328.656,46.353,""
"fis'","/home/henri/projects/partitur-data/Tuhan_Maha_Kasih/Tuhan_Maha_Kasih_ly_main.ly:504:26",335.828,56.626,""
"cis''","/home/henri/projects/partitur-data/Tuhan_Maha_Kasih/Tuhan_Maha_Kasih_ly_main.ly:404:29",335.828,46.353,""
"b","/home/henri/projects/partitur-data/Tuhan_Maha_Kasih/Tuhan_Maha_Kasih_ly_main.ly:505:3",339.91,56.626,""
"b'","/home/henri/projects/partitur-data/Tuhan_Maha_Kasih/Tuhan_Maha_Kasih_ly_main.ly:408:3",339.91,46.353,""
"b'","/home/henri/projects/partitur-data/Tuhan_Maha_Kasih/Tuhan_Maha_Kasih_ly_main.ly:508:3",352.678,56.626,""
"b'","/home/henri/projects/partitur-data/Tuhan_Maha_Kasih/Tuhan_Maha_Kasih_ly_main.ly:411:3",352.678,46.353,""
"dis''","/home/henri/projects/partitur-data/Tuhan_Maha_Kasih/Tuhan_Maha_Kasih_ly_main.ly:302:3",352.678,33.047,""
"b''","/home/henri/projects/partitur-data/Tuhan_Maha_Kasih/Tuhan_Maha_Kasih_ly_main.ly:207:3",352.678,22.671,""
"ais'","/home/henri/projects/partitur-data/Tuhan_Maha_Kasih/Tuhan_Maha_Kasih_ly_main.ly:508:9",356.618,56.626,""
"cis''","/home/henri/projects/partitur-data/Tuhan_Maha_Kasih/Tuhan_Maha_Kasih_ly_main.ly:302:12",356.618,33.047,""
"fis''","/home/henri/projects/partitur-data/Tuhan_Maha_Kasih/Tuhan_Maha_Kasih_ly_main.ly:207:85",356.618,22.671,""
"gis'","/home/henri/projects/partitur-data/Tuhan_Maha_Kasih/Tuhan_Maha_Kasih_ly_main.ly:508:15",359.358,56.626,""
"b'","/home/henri/projects/partitur-data/Tuhan_Maha_Kasih/Tuhan_Maha_Kasih_ly_main.ly:302:19",359.358,33.047,""
"fis'","/home/henri/projects/partitur-data/Tuhan_Maha_Kasih/Tuhan_Maha_Kasih_ly_main.ly:508:23",362.098,56.626,""
"ais'","/home/henri/projects/partitur-data/Tuhan_Maha_Kasih/Tuhan_Maha_Kasih_ly_main.ly:411:7",362.098,46.353,""
"cis''","/home/henri/projects/partitur-data/Tuhan_Maha_Kasih/Tuhan_Maha_Kasih_ly_main.ly:302:25",362.098,33.047,""
"cis'''","/home/henri/projects/partitur-data/Tuhan_Maha_Kasih/Tuhan_Maha_Kasih_ly_main.ly:207:92",362.098,22.671,""
"b'","/home/henri/projects/partitur-data/Tuhan_Maha_Kasih/Tuhan_Maha_Kasih_ly_main.ly:411:15",364.838,46.353,""
"cis''","/home/henri/projects/partitur-data/Tuhan_Maha_Kasih/Tuhan_Maha_Kasih_ly_main.ly:411:19",367.578,46.353,""
"e''","/home/henri/projects/partitur-data/Tuhan_Maha_Kasih/Tuhan_Maha_Kasih_ly_main.ly:302:34",367.578,33.047,""
"ais'","/home/henri/projects/partitur-data/Tuhan_Maha_Kasih/Tuhan_Maha_Kasih_ly_main.ly:411:28",370.318,46.353,""
"dis'''","/home/henri/projects/partitur-data/Tuhan_Maha_Kasih/Tuhan_Maha_Kasih_ly_main.ly:207:103",370.318,22.671,""
"b'","/home/henri/projects/partitur-data/Tuhan_Maha_Kasih/Tuhan_Maha_Kasih_ly_main.ly:509:3",374.303,56.626,""
"b'","/home/henri/projects/partitur-data/Tuhan_Maha_Kasih/Tuhan_Maha_Kasih_ly_main.ly:412:3",374.303,46.353,""
"dis''","/home/henri/projects/partitur-data/Tuhan_Maha_Kasih/Tuhan_Maha_Kasih_ly_main.ly:303:3",374.303,33.047,""
"dis'''","/home/henri/projects/partitur-data/Tuhan_Maha_Kasih/Tuhan_Maha_Kasih_ly_main.ly:208:3",374.303,22.671,""
"dis''","/home/henri/projects/partitur-data/Tuhan_Maha_Kasih/Tuhan_Maha_Kasih_ly_main.ly:303:10",377.043,33.047,""
"ais'","/home/henri/projects/partitur-data/Tuhan_Maha_Kasih/Tuhan_Maha_Kasih_ly_main.ly:509:7",379.783,56.626,""
"fis''","/home/henri/projects/partitur-data/Tuhan_Maha_Kasih/Tuhan_Maha_Kasih_ly_main.ly:303:17",379.783,33.047,""
"gis'","/home/henri/projects/partitur-data/Tuhan_Maha_Kasih/Tuhan_Maha_Kasih_ly_main.ly:509:13",382.523,56.626,""
"e''","/home/henri/projects/partitur-data/Tuhan_Maha_Kasih/Tuhan_Maha_Kasih_ly_main.ly:303:26",382.523,33.047,""
"fis'","/home/henri/projects/partitur-data/Tuhan_Maha_Kasih/Tuhan_Maha_Kasih_ly_main.ly:509:19",386.078,56.626,""
"dis''","/home/henri/projects/partitur-data/Tuhan_Maha_Kasih/Tuhan_Maha_Kasih_ly_main.ly:303:33",386.078,33.047,""
"b'","/home/henri/projects/partitur-data/Tuhan_Maha_Kasih/Tuhan_Maha_Kasih_ly_main.ly:412:14",391.558,46.353,""
"b''","/home/henri/projects/partitur-data/Tuhan_Maha_Kasih/Tuhan_Maha_Kasih_ly_main.ly:208:18",391.558,22.671,""
"ais'","/home/henri/projects/partitur-data/Tuhan_Maha_Kasih/Tuhan_Maha_Kasih_ly_main.ly:412:20",394.297,46.353,""
"cis'''","/home/henri/projects/partitur-data/Tuhan_Maha_Kasih/Tuhan_Maha_Kasih_ly_main.ly:208:25",394.297,22.671,""
"gis'","/home/henri/projects/partitur-data/Tuhan_Maha_Kasih/Tuhan_Maha_Kasih_ly_main.ly:510:3",398.292,56.626,""
"b'","/home/henri/projects/partitur-data/Tuhan_Maha_Kasih/Tuhan_Maha_Kasih_ly_main.ly:413:3",398.292,46.353,""
"dis''","/home/henri/projects/partitur-data/Tuhan_Maha_Kasih/Tuhan_Maha_Kasih_ly_main.ly:304:3",398.292,33.047,""
"dis'''","/home/henri/projects/partitur-data/Tuhan_Maha_Kasih/Tuhan_Maha_Kasih_ly_main.ly:209:3",398.292,22.671,""
"fis'","/home/henri/projects/partitur-data/Tuhan_Maha_Kasih/Tuhan_Maha_Kasih_ly_main.ly:510:12",404.972,56.626,""
"fis''","/home/henri/projects/partitur-data/Tuhan_Maha_Kasih/Tuhan_Maha_Kasih_ly_main.ly:304:13",404.972,33.047,""
"eis'","/home/henri/projects/partitur-data/Tuhan_Maha_Kasih/Tuhan_Maha_Kasih_ly_main.ly:510:20",407.712,56.626,""
"b'","/home/henri/projects/partitur-data/Tuhan_Maha_Kasih/Tuhan_Maha_Kasih_ly_main.ly:413:7",407.712,46.353,""
"gis''","/home/henri/projects/partitur-data/Tuhan_Maha_Kasih/Tuhan_Maha_Kasih_ly_main.ly:304:22",407.712,33.047,""
"gis''","/home/henri/projects/partitur-data/Tuhan_Maha_Kasih/Tuhan_Maha_Kasih_ly_main.ly:209:11",407.712,22.671,""
"cis''","/home/henri/projects/partitur-data/Tuhan_Maha_Kasih/Tuhan_Maha_Kasih_ly_main.ly:413:13",410.452,46.353,""
"dis''","/home/henri/projects/partitur-data/Tuhan_Maha_Kasih/Tuhan_Maha_Kasih_ly_main.ly:413:20",413.192,46.353,""
"b''","/home/henri/projects/partitur-data/Tuhan_Maha_Kasih/Tuhan_Maha_Kasih_ly_main.ly:209:20",413.192,22.671,""
"b'","/home/henri/projects/partitur-data/Tuhan_Maha_Kasih/Tuhan_Maha_Kasih_ly_main.ly:413:27",415.932,46.353,""
"fis'","/home/henri/projects/partitur-data/Tuhan_Maha_Kasih/Tuhan_Maha_Kasih_ly_main.ly:511:3",419.916,56.626,""
"cis''","/home/henri/projects/partitur-data/Tuhan_Maha_Kasih/Tuhan_Maha_Kasih_ly_main.ly:414:3",419.916,46.353,""
"cis''","/home/henri/projects/partitur-data/Tuhan_Maha_Kasih/Tuhan_Maha_Kasih_ly_main.ly:305:3",419.916,33.047,""
"cis'''","/home/henri/projects/partitur-data/Tuhan_Maha_Kasih/Tuhan_Maha_Kasih_ly_main.ly:210:3",419.916,22.671,""
"eis'","/home/henri/projects/partitur-data/Tuhan_Maha_Kasih/Tuhan_Maha_Kasih_ly_main.ly:511:9",423.828,56.626,""
"cis''","/home/henri/projects/partitur-data/Tuhan_Maha_Kasih/Tuhan_Maha_Kasih_ly_main.ly:305:10",423.828,33.047,""
"fis'","/home/henri/projects/partitur-data/Tuhan_Maha_Kasih/Tuhan_Maha_Kasih_ly_main.ly:511:15",426.681,56.626,""
"dis''","/home/henri/projects/partitur-data/Tuhan_Maha_Kasih/Tuhan_Maha_Kasih_ly_main.ly:305:17",426.681,33.047,""
"gis'","/home/henri/projects/partitur-data/Tuhan_Maha_Kasih/Tuhan_Maha_Kasih_ly_main.ly:511:23",429.421,56.626,""
"eis''","/home/henri/projects/partitur-data/Tuhan_Maha_Kasih/Tuhan_Maha_Kasih_ly_main.ly:305:26",429.421,33.047,""
"ais'","/home/henri/projects/partitur-data/Tuhan_Maha_Kasih/Tuhan_Maha_Kasih_ly_main.ly:511:31",432.161,56.626,""
"fis''","/home/henri/projects/partitur-data/Tuhan_Maha_Kasih/Tuhan_Maha_Kasih_ly_main.ly:305:35",432.161,33.047,""
"b'","/home/henri/projects/partitur-data/Tuhan_Maha_Kasih/Tuhan_Maha_Kasih_ly_main.ly:511:37",437.641,56.626,""
"b'","/home/henri/projects/partitur-data/Tuhan_Maha_Kasih/Tuhan_Maha_Kasih_ly_main.ly:414:17",437.641,46.353,""
"b''","/home/henri/projects/partitur-data/Tuhan_Maha_Kasih/Tuhan_Maha_Kasih_ly_main.ly:305:42",437.641,33.047,""
"b''","/home/henri/projects/partitur-data/Tuhan_Maha_Kasih/Tuhan_Maha_Kasih_ly_main.ly:210:18",437.641,22.671,""
"ais'","/home/henri/projects/partitur-data/Tuhan_Maha_Kasih/Tuhan_Maha_Kasih_ly_main.ly:511:41",440.622,56.626,""
"ais'","/home/henri/projects/partitur-data/Tuhan_Maha_Kasih/Tuhan_Maha_Kasih_ly_main.ly:414:21",440.622,46.353,""
"ais''","/home/henri/projects/partitur-data/Tuhan_Maha_Kasih/Tuhan_Maha_Kasih_ly_main.ly:305:47",440.622,33.047,""
"ais''","/home/henri/projects/partitur-data/Tuhan_Maha_Kasih/Tuhan_Maha_Kasih_ly_main.ly:210:23",440.622,22.671,""
"gis'","/home/henri/projects/partitur-data/Tuhan_Maha_Kasih/Tuhan_Maha_Kasih_ly_main.ly:512:3",444.938,56.626,""
"gis'","/home/henri/projects/partitur-data/Tuhan_Maha_Kasih/Tuhan_Maha_Kasih_ly_main.ly:415:3",444.938,46.353,""
"gis''","/home/henri/projects/partitur-data/Tuhan_Maha_Kasih/Tuhan_Maha_Kasih_ly_main.ly:306:3",444.938,33.047,""
"gis''","/home/henri/projects/partitur-data/Tuhan_Maha_Kasih/Tuhan_Maha_Kasih_ly_main.ly:211:3",444.938,22.671,""
"gis'","/home/henri/projects/partitur-data/Tuhan_Maha_Kasih/Tuhan_Maha_Kasih_ly_main.ly:512:10",451.618,56.626,""
"gis'","/home/henri/projects/partitur-data/Tuhan_Maha_Kasih/Tuhan_Maha_Kasih_ly_main.ly:415:10",451.618,46.353,""
"gis''","/home/henri/projects/partitur-data/Tuhan_Maha_Kasih/Tuhan_Maha_Kasih_ly_main.ly:306:11",451.618,33.047,""
"gis''","/home/henri/projects/partitur-data/Tuhan_Maha_Kasih/Tuhan_Maha_Kasih_ly_main.ly:211:11",451.618,22.671,""
"gis'","/home/henri/projects/partitur-data/Tuhan_Maha_Kasih/Tuhan_Maha_Kasih_ly_main.ly:512:16",455.924,56.626,""
"gis'","/home/henri/projects/partitur-data/Tuhan_Maha_Kasih/Tuhan_Maha_Kasih_ly_main.ly:415:16",455.924,46.353,""
"gis''","/home/henri/projects/partitur-data/Tuhan_Maha_Kasih/Tuhan_Maha_Kasih_ly_main.ly:306:18",455.924,33.047,""
"gis''","/home/henri/projects/partitur-data/Tuhan_Maha_Kasih/Tuhan_Maha_Kasih_ly_main.ly:211:18",455.924,22.671,""
"ais'","/home/henri/projects/partitur-data/Tuhan_Maha_Kasih/Tuhan_Maha_Kasih_ly_main.ly:512:22",461.388,56.626,""
"ais'","/home/henri/projects/partitur-data/Tuhan_Maha_Kasih/Tuhan_Maha_Kasih_ly_main.ly:415:22",461.388,46.353,""
"ais''","/home/henri/projects/partitur-data/Tuhan_Maha_Kasih/Tuhan_Maha_Kasih_ly_main.ly:306:25",461.388,33.047,""
"ais''","/home/henri/projects/partitur-data/Tuhan_Maha_Kasih/Tuhan_Maha_Kasih_ly_main.ly:211:25",461.388,22.671,""
"b'","/home/henri/projects/partitur-data/Tuhan_Maha_Kasih/Tuhan_Maha_Kasih_ly_main.ly:512:28",466.626,56.626,""
"b'","/home/henri/projects/partitur-data/Tuhan_Maha_Kasih/Tuhan_Maha_Kasih_ly_main.ly:415:28",466.626,46.353,""
"b''","/home/henri/projects/partitur-data/Tuhan_Maha_Kasih/Tuhan_Maha_Kasih_ly_main.ly:306:32",466.626,33.047,""
"b''","/home/henri/projects/partitur-data/Tuhan_Maha_Kasih/Tuhan_Maha_Kasih_ly_main.ly:211:32",466.626,22.671,""
"gis'","/home/henri/projects/partitur-data/Tuhan_Maha_Kasih/Tuhan_Maha_Kasih_ly_main.ly:512:32",469.731,56.626,""
"gis'","/home/henri/projects/partitur-data/Tuhan_Maha_Kasih/Tuhan_Maha_Kasih_ly_main.ly:415:32",469.731,46.353,""
"gis''","/home/henri/projects/partitur-data/Tuhan_Maha_Kasih/Tuhan_Maha_Kasih_ly_main.ly:306:37",469.731,33.047,""
"gis''","/home/henri/projects/partitur-data/Tuhan_Maha_Kasih/Tuhan_Maha_Kasih_ly_main.ly:211:37",469.731,22.671,""
"fis'","/home/henri/projects/partitur-data/Tuhan_Maha_Kasih/Tuhan_Maha_Kasih_ly_main.ly:513:3",473.792,56.626,""
"fis'","/home/henri/projects/partitur-data/Tuhan_Maha_Kasih/Tuhan_Maha_Kasih_ly_main.ly:416:3",473.792,46.353,""
"fis''","/home/henri/projects/partitur-data/Tuhan_Maha_Kasih/Tuhan_Maha_Kasih_ly_main.ly:307:3",473.792,33.047,""
"fis''","/home/henri/projects/partitur-data/Tuhan_Maha_Kasih/Tuhan_Maha_Kasih_ly_main.ly:212:3",473.792,22.671,""
"bis'","/home/henri/projects/partitur-data/Tuhan_Maha_Kasih/Tuhan_Maha_Kasih_ly_main.ly:307:17",487.152,33.047,""
"dis''","/home/henri/projects/partitur-data/Tuhan_Maha_Kasih/Tuhan_Maha_Kasih_ly_main.ly:212:17",487.152,22.671,""
"dis''","/home/henri/projects/partitur-data/Tuhan_Maha_Kasih/Tuhan_Maha_Kasih_ly_main.ly:307:23",493.63,33.047,""
"fis''","/home/henri/projects/partitur-data/Tuhan_Maha_Kasih/Tuhan_Maha_Kasih_ly_main.ly:212:29",493.63,22.671,""
"dis''","/home/henri/projects/partitur-data/Tuhan_Maha_Kasih/Tuhan_Maha_Kasih_ly_main.ly:308:3",498.718,33.047,""
"fis''","/home/henri/projects/partitur-data/Tuhan_Maha_Kasih/Tuhan_Maha_Kasih_ly_main.ly:213:3",498.718,22.671,""
"cis''","/home/henri/projects/partitur-data/Tuhan_Maha_Kasih/Tuhan_Maha_Kasih_ly_main.ly:308:10",501.458,33.047,""
"e''","/home/henri/projects/partitur-data/Tuhan_Maha_Kasih/Tuhan_Maha_Kasih_ly_main.ly:213:10",501.458,22.671,""
"e'","/home/henri/projects/partitur-data/Tuhan_Maha_Kasih/Tuhan_Maha_Kasih_ly_main.ly:514:6",504.198,56.626,""
"gis'","/home/henri/projects/partitur-data/Tuhan_Maha_Kasih/Tuhan_Maha_Kasih_ly_main.ly:417:6",504.198,46.353,""
"cis''","/home/henri/projects/partitur-data/Tuhan_Maha_Kasih/Tuhan_Maha_Kasih_ly_main.ly:308:17",504.198,33.047,""
"e''","/home/henri/projects/partitur-data/Tuhan_Maha_Kasih/Tuhan_Maha_Kasih_ly_main.ly:213:15",504.198,22.671,""
"gis'","/home/henri/projects/partitur-data/Tuhan_Maha_Kasih/Tuhan_Maha_Kasih_ly_main.ly:514:10",510.676,56.626,""
"b'","/home/henri/projects/partitur-data/Tuhan_Maha_Kasih/Tuhan_Maha_Kasih_ly_main.ly:417:12",510.676,46.353,""
"gis'","/home/henri/projects/partitur-data/Tuhan_Maha_Kasih/Tuhan_Maha_Kasih_ly_main.ly:514:16",515.764,56.626,""
"b'","/home/henri/projects/partitur-data/Tuhan_Maha_Kasih/Tuhan_Maha_Kasih_ly_main.ly:417:16",515.764,46.353,""
"fis'","/home/henri/projects/partitur-data/Tuhan_Maha_Kasih/Tuhan_Maha_Kasih_ly_main.ly:514:22",518.504,56.626,""
"ais'","/home/henri/projects/partitur-data/Tuhan_Maha_Kasih/Tuhan_Maha_Kasih_ly_main.ly:417:20",518.504,46.353,""
"fis'","/home/henri/projects/partitur-data/Tuhan_Maha_Kasih/Tuhan_Maha_Kasih_ly_main.ly:514:28",521.244,56.626,""
"ais'","/home/henri/projects/partitur-data/Tuhan_Maha_Kasih/Tuhan_Maha_Kasih_ly_main.ly:417:26",521.244,46.353,""
"cis''","/home/henri/projects/partitur-data/Tuhan_Maha_Kasih/Tuhan_Maha_Kasih_ly_main.ly:308:24",521.244,33.047,""
"cis''","/home/henri/projects/partitur-data/Tuhan_Maha_Kasih/Tuhan_Maha_Kasih_ly_main.ly:213:20",521.244,22.671,""
"e''","/home/henri/projects/partitur-data/Tuhan_Maha_Kasih/Tuhan_Maha_Kasih_ly_main.ly:308:31",523.984,33.047,""
"gis''","/home/henri/projects/partitur-data/Tuhan_Maha_Kasih/Tuhan_Maha_Kasih_ly_main.ly:213:27",523.984,22.671,""
"e''","/home/henri/projects/partitur-data/Tuhan_Maha_Kasih/Tuhan_Maha_Kasih_ly_main.ly:309:3",527.968,33.047,""
"gis''","/home/henri/projects/partitur-data/Tuhan_Maha_Kasih/Tuhan_Maha_Kasih_ly_main.ly:214:3",527.968,22.671,""
"b'","/home/henri/projects/partitur-data/Tuhan_Maha_Kasih/Tuhan_Maha_Kasih_ly_main.ly:515:6",530.708,56.626,""
"dis''","/home/henri/projects/partitur-data/Tuhan_Maha_Kasih/Tuhan_Maha_Kasih_ly_main.ly:418:6",530.708,46.353,""
"dis''","/home/henri/projects/partitur-data/Tuhan_Maha_Kasih/Tuhan_Maha_Kasih_ly_main.ly:309:10",530.708,33.047,""
"fis''","/home/henri/projects/partitur-data/Tuhan_Maha_Kasih/Tuhan_Maha_Kasih_ly_main.ly:214:12",530.708,22.671,""
"b'","/home/henri/projects/partitur-data/Tuhan_Maha_Kasih/Tuhan_Maha_Kasih_ly_main.ly:515:10",533.448,56.626,""
"dis''","/home/henri/projects/partitur-data/Tuhan_Maha_Kasih/Tuhan_Maha_Kasih_ly_main.ly:418:13",533.448,46.353,""
"dis''","/home/henri/projects/partitur-data/Tuhan_Maha_Kasih/Tuhan_Maha_Kasih_ly_main.ly:309:19",533.448,33.047,""
"fis''","/home/henri/projects/partitur-data/Tuhan_Maha_Kasih/Tuhan_Maha_Kasih_ly_main.ly:214:21",533.448,22.671,""
"ais'","/home/henri/projects/partitur-data/Tuhan_Maha_Kasih/Tuhan_Maha_Kasih_ly_main.ly:515:14",536.816,56.626,""
"cis''","/home/henri/projects/partitur-data/Tuhan_Maha_Kasih/Tuhan_Maha_Kasih_ly_main.ly:418:20",536.816,46.353,""
"gis'","/home/henri/projects/partitur-data/Tuhan_Maha_Kasih/Tuhan_Maha_Kasih_ly_main.ly:515:20",539.77,56.626,""
"bis'","/home/henri/projects/partitur-data/Tuhan_Maha_Kasih/Tuhan_Maha_Kasih_ly_main.ly:418:27",539.77,46.353,""
"fis'","/home/henri/projects/partitur-data/Tuhan_Maha_Kasih/Tuhan_Maha_Kasih_ly_main.ly:515:28",543.225,56.626,""
"e'","/home/henri/projects/partitur-data/Tuhan_Maha_Kasih/Tuhan_Maha_Kasih_ly_main.ly:515:36",546.68,56.626,""
"gis'","/home/henri/projects/partitur-data/Tuhan_Maha_Kasih/Tuhan_Maha_Kasih_ly_main.ly:418:33",546.68,46.353,""
"bis'","/home/henri/projects/partitur-data/Tuhan_Maha_Kasih/Tuhan_Maha_Kasih_ly_main.ly:309:30",546.68,33.047,""
"dis''","/home/henri/projects/partitur-data/Tuhan_Maha_Kasih/Tuhan_Maha_Kasih_ly_main.ly:214:32",546.68,22.671,""
"dis'","/home/henri/projects/partitur-data/Tuhan_Maha_Kasih/Tuhan_Maha_Kasih_ly_main.ly:515:40",550.141,56.626,""
"gis'","/home/henri/projects/partitur-data/Tuhan_Maha_Kasih/Tuhan_Maha_Kasih_ly_main.ly:418:39",550.141,46.353,""
"dis''","/home/henri/projects/partitur-data/Tuhan_Maha_Kasih/Tuhan_Maha_Kasih_ly_main.ly:309:36",550.141,33.047,""
"fis''","/home/henri/projects/partitur-data/Tuhan_Maha_Kasih/Tuhan_Maha_Kasih_ly_main.ly:214:41",550.141,22.671,""
"cis'","/home/henri/projects/partitur-data/Tuhan_Maha_Kasih/Tuhan_Maha_Kasih_ly_main.ly:516:3",554.126,56.626,""
"gis'","/home/henri/projects/partitur-data/Tuhan_Maha_Kasih/Tuhan_Maha_Kasih_ly_main.ly:419:3",554.126,46.353,""
"dis''","/home/henri/projects/partitur-data/Tuhan_Maha_Kasih/Tuhan_Maha_Kasih_ly_main.ly:310:3",554.126,33.047,""
"fis''","/home/henri/projects/partitur-data/Tuhan_Maha_Kasih/Tuhan_Maha_Kasih_ly_main.ly:215:3",554.126,22.671,""
"cis''","/home/henri/projects/partitur-data/Tuhan_Maha_Kasih/Tuhan_Maha_Kasih_ly_main.ly:310:12",556.866,33.047,""
"e''","/home/henri/projects/partitur-data/Tuhan_Maha_Kasih/Tuhan_Maha_Kasih_ly_main.ly:215:12",556.866,22.671,""
"dis'","/home/henri/projects/partitur-data/Tuhan_Maha_Kasih/Tuhan_Maha_Kasih_ly_main.ly:516:11",559.606,56.626,""
"e''","/home/henri/projects/partitur-data/Tuhan_Maha_Kasih/Tuhan_Maha_Kasih_ly_main.ly:310:21",559.606,33.047,""
"gis''","/home/henri/projects/partitur-data/Tuhan_Maha_Kasih/Tuhan_Maha_Kasih_ly_main.ly:215:19",559.606,22.671,""
"e'","/home/henri/projects/partitur-data/Tuhan_Maha_Kasih/Tuhan_Maha_Kasih_ly_main.ly:516:17",562.346,56.626,""
"b'","/home/henri/projects/partitur-data/Tuhan_Maha_Kasih/Tuhan_Maha_Kasih_ly_main.ly:419:12",562.346,46.353,""
"fis'","/home/henri/projects/partitur-data/Tuhan_Maha_Kasih/Tuhan_Maha_Kasih_ly_main.ly:516:23",565.085,56.626,""
"cis''","/home/henri/projects/partitur-data/Tuhan_Maha_Kasih/Tuhan_Maha_Kasih_ly_main.ly:419:19",565.085,46.353,""
"fis'","/home/henri/projects/partitur-data/Tuhan_Maha_Kasih/Tuhan_Maha_Kasih_ly_main.ly:516:29",569.629,56.626,""
"cis''","/home/henri/projects/partitur-data/Tuhan_Maha_Kasih/Tuhan_Maha_Kasih_ly_main.ly:419:26",569.629,46.353,""
"e''","/home/henri/projects/partitur-data/Tuhan_Maha_Kasih/Tuhan_Maha_Kasih_ly_main.ly:310:27",569.629,33.047,""
"ais''","/home/henri/projects/partitur-data/Tuhan_Maha_Kasih/Tuhan_Maha_Kasih_ly_main.ly:215:29",569.629,22.671,""
"fis'","/home/henri/projects/partitur-data/Tuhan_Maha_Kasih/Tuhan_Maha_Kasih_ly_main.ly:516:35",574.724,56.626,""
"dis''","/home/henri/projects/partitur-data/Tuhan_Maha_Kasih/Tuhan_Maha_Kasih_ly_main.ly:419:33",574.724,46.353,""
"fis''","/home/henri/projects/partitur-data/Tuhan_Maha_Kasih/Tuhan_Maha_Kasih_ly_main.ly:310:32",574.724,33.047,""
"b''","/home/henri/projects/partitur-data/Tuhan_Maha_Kasih/Tuhan_Maha_Kasih_ly_main.ly:215:36",574.724,22.671,""
"fis'","/home/henri/projects/partitur-data/Tuhan_Maha_Kasih/Tuhan_Maha_Kasih_ly_main.ly:516:41",580.076,56.626,""
"e''","/home/henri/projects/partitur-data/Tuhan_Maha_Kasih/Tuhan_Maha_Kasih_ly_main.ly:419:41",580.076,46.353,""
"gis''","/home/henri/projects/partitur-data/Tuhan_Maha_Kasih/Tuhan_Maha_Kasih_ly_main.ly:310:39",580.076,33.047,""
"cis'''","/home/henri/projects/partitur-data/Tuhan_Maha_Kasih/Tuhan_Maha_Kasih_ly_main.ly:215:41",580.076,22.671,""
"b","/home/henri/projects/partitur-data/Tuhan_Maha_Kasih/Tuhan_Maha_Kasih_ly_main.ly:517:3",584.06,56.626,""
"e''","/home/henri/projects/partitur-data/Tuhan_Maha_Kasih/Tuhan_Maha_Kasih_ly_main.ly:420:3",584.06,46.353,""
"gis''","/home/henri/projects/partitur-data/Tuhan_Maha_Kasih/Tuhan_Maha_Kasih_ly_main.ly:311:3",584.06,33.047,""
"cis'''","/home/henri/projects/partitur-data/Tuhan_Maha_Kasih/Tuhan_Maha_Kasih_ly_main.ly:216:3",584.06,22.671,""
"b","/home/henri/projects/partitur-data/Tuhan_Maha_Kasih/Tuhan_Maha_Kasih_ly_main.ly:517:6",586.8,56.626,""
"dis''","/home/henri/projects/partitur-data/Tuhan_Maha_Kasih/Tuhan_Maha_Kasih_ly_main.ly:420:8",586.8,46.353,""
"fis''","/home/henri/projects/partitur-data/Tuhan_Maha_Kasih/Tuhan_Maha_Kasih_ly_main.ly:311:10",586.8,33.047,""
"b''","/home/henri/projects/partitur-data/Tuhan_Maha_Kasih/Tuhan_Maha_Kasih_ly_main.ly:216:11",586.8,22.671,""
"b","/home/henri/projects/partitur-data/Tuhan_Maha_Kasih/Tuhan_Maha_Kasih_ly_main.ly:517:9",589.539,56.626,""
"dis''","/home/henri/projects/partitur-data/Tuhan_Maha_Kasih/Tuhan_Maha_Kasih_ly_main.ly:420:15",589.539,46.353,""
"fis''","/home/henri/projects/partitur-data/Tuhan_Maha_Kasih/Tuhan_Maha_Kasih_ly_main.ly:311:17",589.539,33.047,""
"b''","/home/henri/projects/partitur-data/Tuhan_Maha_Kasih/Tuhan_Maha_Kasih_ly_main.ly:216:16",589.539,22.671,""
"cis''","/home/henri/projects/partitur-data/Tuhan_Maha_Kasih/Tuhan_Maha_Kasih_ly_main.ly:318:3",700.304,33.047,""
"b'","/home/henri/projects/partitur-data/Tuhan_Maha_Kasih/Tuhan_Maha_Kasih_ly_main.ly:318:48",704.244,33.047,""
"dis''","/home/henri/projects/partitur-data/Tuhan_Maha_Kasih/Tuhan_Maha_Kasih_ly_main.ly:318:54",706.984,33.047,""
"dis''","/home/henri/projects/partitur-data/Tuhan_Maha_Kasih/Tuhan_Maha_Kasih_ly_main.ly:318:61",716.404,33.047,""
"dis''","/home/henri/projects/partitur-data/Tuhan_Maha_Kasih/Tuhan_Maha_Kasih_ly_main.ly:319:3",722.855,33.047,""
"e''","/home/henri/projects/partitur-data/Tuhan_Maha_Kasih/Tuhan_Maha_Kasih_ly_main.ly:319:10",727.362,33.047,""
"cis''","/home/henri/projects/partitur-data/Tuhan_Maha_Kasih/Tuhan_Maha_Kasih_ly_main.ly:319:15",730.954,33.047,""
"ais'","/home/henri/projects/partitur-data/Tuhan_Maha_Kasih/Tuhan_Maha_Kasih_ly_main.ly:320:6",746.758,33.047,""
"b'","/home/henri/projects/partitur-data/Tuhan_Maha_Kasih/Tuhan_Maha_Kasih_ly_main.ly:320:12",749.675,33.047,""
"cis''","/home/henri/projects/partitur-data/Tuhan_Maha_Kasih/Tuhan_Maha_Kasih_ly_main.ly:320:16",753.193,33.047,""
"fis''","/home/henri/projects/partitur-data/Tuhan_Maha_Kasih/Tuhan_Maha_Kasih_ly_main.ly:320:24",762.919,33.047,""
"fis''","/home/henri/projects/partitur-data/Tuhan_Maha_Kasih/Tuhan_Maha_Kasih_ly_main.ly:321:3",768.437,33.047,""
"dis''","/home/henri/projects/partitur-data/Tuhan_Maha_Kasih/Tuhan_Maha_Kasih_ly_main.ly:321:10",771.177,33.047,""
"dis''","/home/henri/projects/partitur-data/Tuhan_Maha_Kasih/Tuhan_Maha_Kasih_ly_main.ly:321:24",784.696,33.047,""
"e''","/home/henri/projects/partitur-data/Tuhan_Maha_Kasih/Tuhan_Maha_Kasih_ly_main.ly:321:32",787.407,33.047,""
"fis''","/home/henri/projects/partitur-data/Tuhan_Maha_Kasih/Tuhan_Maha_Kasih_ly_main.ly:322:3",792.898,33.047,""
"fis''","/home/henri/projects/partitur-data/Tuhan_Maha_Kasih/Tuhan_Maha_Kasih_ly_main.ly:322:12",800.778,33.047,""
"fis''","/home/henri/projects/partitur-data/Tuhan_Maha_Kasih/Tuhan_Maha_Kasih_ly_main.ly:322:20",807.458,33.047,""
"fis''","/home/henri/projects/partitur-data/Tuhan_Maha_Kasih/Tuhan_Maha_Kasih_ly_main.ly:323:3",812.569,33.047,""
"e''","/home/henri/projects/partitur-data/Tuhan_Maha_Kasih/Tuhan_Maha_Kasih_ly_main.ly:323:14",815.309,33.047,""
"gis'","/home/henri/projects/partitur-data/Tuhan_Maha_Kasih/Tuhan_Maha_Kasih_ly_main.ly:323:34",818.049,33.047,""
"gis''","/home/henri/projects/partitur-data/Tuhan_Maha_Kasih/Tuhan_Maha_Kasih_ly_main.ly:323:43",828.329,33.047,""
"fis''","/home/henri/projects/partitur-data/Tuhan_Maha_Kasih/Tuhan_Maha_Kasih_ly_main.ly:324:3",835.015,33.047,""
"cis''","/home/henri/projects/partitur-data/Tuhan_Maha_Kasih/Tuhan_Maha_Kasih_ly_main.ly:324:11",841.695,33.047,""
"fis''","/home/henri/projects/partitur-data/Tuhan_Maha_Kasih/Tuhan_Maha_Kasih_ly_main.ly:324:18",844.677,33.047,""
"e''","/home/henri/projects/partitur-data/Tuhan_Maha_Kasih/Tuhan_Maha_Kasih_ly_main.ly:324:26",851.357,33.047,""
"dis''","/home/henri/projects/partitur-data/Tuhan_Maha_Kasih/Tuhan_Maha_Kasih_ly_main.ly:328:3",855.341,33.047,""
"cis'","/home/henri/projects/partitur-data/Tuhan_Maha_Kasih/Tuhan_Maha_Kasih_ly_main.ly:523:3",871.716,56.626,""
"b","/home/henri/projects/partitur-data/Tuhan_Maha_Kasih/Tuhan_Maha_Kasih_ly_main.ly:523:87",875.656,56.626,""
"dis'","/home/henri/projects/partitur-data/Tuhan_Maha_Kasih/Tuhan_Maha_Kasih_ly_main.ly:523:90",878.396,56.626,""
"dis'","/home/henri/projects/partitur-data/Tuhan_Maha_Kasih/Tuhan_Maha_Kasih_ly_main.ly:523:96",887.816,56.626,""
"cis'","/home/henri/projects/partitur-data/Tuhan_Maha_Kasih/Tuhan_Maha_Kasih_ly_main.ly:524:3",892.904,56.626,""
"fis'","/home/henri/projects/partitur-data/Tuhan_Maha_Kasih/Tuhan_Maha_Kasih_ly_main.ly:524:9",896.844,56.626,""
"fis'","/home/henri/projects/partitur-data/Tuhan_Maha_Kasih/Tuhan_Maha_Kasih_ly_main.ly:524:15",900.164,56.626,""
"e'","/home/henri/projects/partitur-data/Tuhan_Maha_Kasih/Tuhan_Maha_Kasih_ly_main.ly:525:6",915.968,56.626,""
"dis'","/home/henri/projects/partitur-data/Tuhan_Maha_Kasih/Tuhan_Maha_Kasih_ly_main.ly:525:11",918.708,56.626,""
"cis'","/home/henri/projects/partitur-data/Tuhan_Maha_Kasih/Tuhan_Maha_Kasih_ly_main.ly:525:18",921.448,56.626,""
"dis'","/home/henri/projects/partitur-data/Tuhan_Maha_Kasih/Tuhan_Maha_Kasih_ly_main.ly:525:24",924.187,56.626,""
"e'","/home/henri/projects/partitur-data/Tuhan_Maha_Kasih/Tuhan_Maha_Kasih_ly_main.ly:525:31",928.794,56.626,""
"ais'","/home/henri/projects/partitur-data/Tuhan_Maha_Kasih/Tuhan_Maha_Kasih_ly_main.ly:525:40",934.265,56.626,""
"fis'","/home/henri/projects/partitur-data/Tuhan_Maha_Kasih/Tuhan_Maha_Kasih_ly_main.ly:526:3",939.173,56.626,""
"dis'","/home/henri/projects/partitur-data/Tuhan_Maha_Kasih/Tuhan_Maha_Kasih_ly_main.ly:426:13",952.313,46.353,""
"e'","/home/henri/projects/partitur-data/Tuhan_Maha_Kasih/Tuhan_Maha_Kasih_ly_main.ly:426:24",954.453,46.353,""
"fis'","/home/henri/projects/partitur-data/Tuhan_Maha_Kasih/Tuhan_Maha_Kasih_ly_main.ly:527:3",957.837,56.626,""
"fis'","/home/henri/projects/partitur-data/Tuhan_Maha_Kasih/Tuhan_Maha_Kasih_ly_main.ly:427:16",957.837,46.353,""
"fis'","/home/henri/projects/partitur-data/Tuhan_Maha_Kasih/Tuhan_Maha_Kasih_ly_main.ly:527:9",963.082,56.626,""
"fisis'","/home/henri/projects/partitur-data/Tuhan_Maha_Kasih/Tuhan_Maha_Kasih_ly_main.ly:527:15",967.701,56.626,""
"fisis'","/home/henri/projects/partitur-data/Tuhan_Maha_Kasih/Tuhan_Maha_Kasih_ly_main.ly:427:34",967.701,46.353,""
"fisis'","/home/henri/projects/partitur-data/Tuhan_Maha_Kasih/Tuhan_Maha_Kasih_ly_main.ly:527:23",971.301,56.626,""
"dis''","/home/henri/projects/partitur-data/Tuhan_Maha_Kasih/Tuhan_Maha_Kasih_ly_main.ly:427:42",971.301,46.353,""
"cis''","/home/henri/projects/partitur-data/Tuhan_Maha_Kasih/Tuhan_Maha_Kasih_ly_main.ly:427:49",976.69,46.353,""
"gis'","/home/henri/projects/partitur-data/Tuhan_Maha_Kasih/Tuhan_Maha_Kasih_ly_main.ly:528:3",981.778,56.626,""
"cis''","/home/henri/projects/partitur-data/Tuhan_Maha_Kasih/Tuhan_Maha_Kasih_ly_main.ly:428:16",981.778,46.353,""
"b'","/home/henri/projects/partitur-data/Tuhan_Maha_Kasih/Tuhan_Maha_Kasih_ly_main.ly:428:23",984.178,46.353,""
"e'","/home/henri/projects/partitur-data/Tuhan_Maha_Kasih/Tuhan_Maha_Kasih_ly_main.ly:528:10",986.918,56.626,""
"gis'","/home/henri/projects/partitur-data/Tuhan_Maha_Kasih/Tuhan_Maha_Kasih_ly_main.ly:428:27",986.918,46.353,""
"dis'","/home/henri/projects/partitur-data/Tuhan_Maha_Kasih/Tuhan_Maha_Kasih_ly_main.ly:528:14",989.658,56.626,""
"e'","/home/henri/projects/partitur-data/Tuhan_Maha_Kasih/Tuhan_Maha_Kasih_ly_main.ly:528:20",992.398,56.626,""
"e'","/home/henri/projects/partitur-data/Tuhan_Maha_Kasih/Tuhan_Maha_Kasih_ly_main.ly:528:27",999.078,56.626,""
"gis'","/home/henri/projects/partitur-data/Tuhan_Maha_Kasih/Tuhan_Maha_Kasih_ly_main.ly:428:37",999.078,46.353,""
"dis'","/home/henri/projects/partitur-data/Tuhan_Maha_Kasih/Tuhan_Maha_Kasih_ly_main.ly:529:3",1003.062,56.626,""
"fis'","/home/henri/projects/partitur-data/Tuhan_Maha_Kasih/Tuhan_Maha_Kasih_ly_main.ly:429:3",1003.062,46.353,""
"e'","/home/henri/projects/partitur-data/Tuhan_Maha_Kasih/Tuhan_Maha_Kasih_ly_main.ly:529:10",1009.741,56.626,""
"fis'","/home/henri/projects/partitur-data/Tuhan_Maha_Kasih/Tuhan_Maha_Kasih_ly_main.ly:429:10",1009.741,46.353,""
"fis'","/home/henri/projects/partitur-data/Tuhan_Maha_Kasih/Tuhan_Maha_Kasih_ly_main.ly:529:14",1012.996,56.626,""
"dis''","/home/henri/projects/partitur-data/Tuhan_Maha_Kasih/Tuhan_Maha_Kasih_ly_main.ly:429:16",1012.996,46.353,""
"fis'","/home/henri/projects/partitur-data/Tuhan_Maha_Kasih/Tuhan_Maha_Kasih_ly_main.ly:529:21",1019.676,56.626,""
"cis''","/home/henri/projects/partitur-data/Tuhan_Maha_Kasih/Tuhan_Maha_Kasih_ly_main.ly:429:24",1019.676,46.353,""
"b","/home/henri/projects/partitur-data/Tuhan_Maha_Kasih/Tuhan_Maha_Kasih_ly_main.ly:530:3",1023.66,56.626,""
"b'","/home/henri/projects/partitur-data/Tuhan_Maha_Kasih/Tuhan_Maha_Kasih_ly_main.ly:433:3",1023.66,46.353,""
"b'","/home/henri/projects/partitur-data/Tuhan_Maha_Kasih/Tuhan_Maha_Kasih_ly_main.ly:533:3",1036.429,56.626,""
"b'","/home/henri/projects/partitur-data/Tuhan_Maha_Kasih/Tuhan_Maha_Kasih_ly_main.ly:436:3",1036.429,46.353,""
"dis''","/home/henri/projects/partitur-data/Tuhan_Maha_Kasih/Tuhan_Maha_Kasih_ly_main.ly:334:3",1036.429,33.047,""
"b''","/home/henri/projects/partitur-data/Tuhan_Maha_Kasih/Tuhan_Maha_Kasih_ly_main.ly:222:3",1036.429,22.671,""
"ais'","/home/henri/projects/partitur-data/Tuhan_Maha_Kasih/Tuhan_Maha_Kasih_ly_main.ly:533:9",1040.369,56.626,""
"cis''","/home/henri/projects/partitur-data/Tuhan_Maha_Kasih/Tuhan_Maha_Kasih_ly_main.ly:334:12",1040.369,33.047,""
"fis''","/home/henri/projects/partitur-data/Tuhan_Maha_Kasih/Tuhan_Maha_Kasih_ly_main.ly:222:85",1040.369,22.671,""
"gis'","/home/henri/projects/partitur-data/Tuhan_Maha_Kasih/Tuhan_Maha_Kasih_ly_main.ly:533:15",1043.109,56.626,""
"b'","/home/henri/projects/partitur-data/Tuhan_Maha_Kasih/Tuhan_Maha_Kasih_ly_main.ly:334:19",1043.109,33.047,""
"fis'","/home/henri/projects/partitur-data/Tuhan_Maha_Kasih/Tuhan_Maha_Kasih_ly_main.ly:533:23",1045.849,56.626,""
"ais'","/home/henri/projects/partitur-data/Tuhan_Maha_Kasih/Tuhan_Maha_Kasih_ly_main.ly:436:7",1045.849,46.353,""
"cis''","/home/henri/projects/partitur-data/Tuhan_Maha_Kasih/Tuhan_Maha_Kasih_ly_main.ly:334:25",1045.849,33.047,""
"cis'''","/home/henri/projects/partitur-data/Tuhan_Maha_Kasih/Tuhan_Maha_Kasih_ly_main.ly:222:92",1045.849,22.671,""
"b'","/home/henri/projects/partitur-data/Tuhan_Maha_Kasih/Tuhan_Maha_Kasih_ly_main.ly:436:15",1048.589,46.353,""
"cis''","/home/henri/projects/partitur-data/Tuhan_Maha_Kasih/Tuhan_Maha_Kasih_ly_main.ly:436:19",1051.328,46.353,""
"e''","/home/henri/projects/partitur-data/Tuhan_Maha_Kasih/Tuhan_Maha_Kasih_ly_main.ly:334:34",1051.328,33.047,""
"ais'","/home/henri/projects/partitur-data/Tuhan_Maha_Kasih/Tuhan_Maha_Kasih_ly_main.ly:436:28",1054.068,46.353,""
"dis'''","/home/henri/projects/partitur-data/Tuhan_Maha_Kasih/Tuhan_Maha_Kasih_ly_main.ly:222:103",1054.068,22.671,""
"b","/home/henri/projects/partitur-data/Tuhan_Maha_Kasih/Tuhan_Maha_Kasih_ly_main.ly:534:3",1058.054,56.626,""
"b'","/home/henri/projects/partitur-data/Tuhan_Maha_Kasih/Tuhan_Maha_Kasih_ly_main.ly:437:3",1058.054,46.353,""
"dis''","/home/henri/projects/partitur-data/Tuhan_Maha_Kasih/Tuhan_Maha_Kasih_ly_main.ly:335:3",1058.054,33.047,""
"dis'''","/home/henri/projects/partitur-data/Tuhan_Maha_Kasih/Tuhan_Maha_Kasih_ly_main.ly:223:3",1058.054,22.671,""
"dis''","/home/henri/projects/partitur-data/Tuhan_Maha_Kasih/Tuhan_Maha_Kasih_ly_main.ly:335:10",1060.794,33.047,""
"dis'","/home/henri/projects/partitur-data/Tuhan_Maha_Kasih/Tuhan_Maha_Kasih_ly_main.ly:534:8",1063.533,56.626,""
"fis''","/home/henri/projects/partitur-data/Tuhan_Maha_Kasih/Tuhan_Maha_Kasih_ly_main.ly:335:17",1063.533,33.047,""
"cis'","/home/henri/projects/partitur-data/Tuhan_Maha_Kasih/Tuhan_Maha_Kasih_ly_main.ly:534:14",1066.273,56.626,""
"e''","/home/henri/projects/partitur-data/Tuhan_Maha_Kasih/Tuhan_Maha_Kasih_ly_main.ly:335:26",1066.273,33.047,""
"b","/home/henri/projects/partitur-data/Tuhan_Maha_Kasih/Tuhan_Maha_Kasih_ly_main.ly:534:20",1069.013,56.626,""
"dis''","/home/henri/projects/partitur-data/Tuhan_Maha_Kasih/Tuhan_Maha_Kasih_ly_main.ly:335:33",1069.013,33.047,""
"b'","/home/henri/projects/partitur-data/Tuhan_Maha_Kasih/Tuhan_Maha_Kasih_ly_main.ly:437:14",1074.493,46.353,""
"b''","/home/henri/projects/partitur-data/Tuhan_Maha_Kasih/Tuhan_Maha_Kasih_ly_main.ly:223:18",1074.493,22.671,""
"ais'","/home/henri/projects/partitur-data/Tuhan_Maha_Kasih/Tuhan_Maha_Kasih_ly_main.ly:437:20",1077.233,46.353,""
"cis'''","/home/henri/projects/partitur-data/Tuhan_Maha_Kasih/Tuhan_Maha_Kasih_ly_main.ly:223:25",1077.233,22.671,""
"gis'","/home/henri/projects/partitur-data/Tuhan_Maha_Kasih/Tuhan_Maha_Kasih_ly_main.ly:535:3",1081.228,56.626,""
"b'","/home/henri/projects/partitur-data/Tuhan_Maha_Kasih/Tuhan_Maha_Kasih_ly_main.ly:438:3",1081.228,46.353,""
"dis''","/home/henri/projects/partitur-data/Tuhan_Maha_Kasih/Tuhan_Maha_Kasih_ly_main.ly:336:3",1081.228,33.047,""
"dis'''","/home/henri/projects/partitur-data/Tuhan_Maha_Kasih/Tuhan_Maha_Kasih_ly_main.ly:224:3",1081.228,22.671,""
"fis'","/home/henri/projects/partitur-data/Tuhan_Maha_Kasih/Tuhan_Maha_Kasih_ly_main.ly:535:12",1087.908,56.626,""
"fis''","/home/henri/projects/partitur-data/Tuhan_Maha_Kasih/Tuhan_Maha_Kasih_ly_main.ly:336:13",1087.908,33.047,""
"eis'","/home/henri/projects/partitur-data/Tuhan_Maha_Kasih/Tuhan_Maha_Kasih_ly_main.ly:535:20",1090.647,56.626,""
"b'","/home/henri/projects/partitur-data/Tuhan_Maha_Kasih/Tuhan_Maha_Kasih_ly_main.ly:438:7",1090.647,46.353,""
"gis''","/home/henri/projects/partitur-data/Tuhan_Maha_Kasih/Tuhan_Maha_Kasih_ly_main.ly:336:22",1090.647,33.047,""
"gis''","/home/henri/projects/partitur-data/Tuhan_Maha_Kasih/Tuhan_Maha_Kasih_ly_main.ly:224:11",1090.647,22.671,""
"cis''","/home/henri/projects/partitur-data/Tuhan_Maha_Kasih/Tuhan_Maha_Kasih_ly_main.ly:438:13",1093.387,46.353,""
"dis''","/home/henri/projects/partitur-data/Tuhan_Maha_Kasih/Tuhan_Maha_Kasih_ly_main.ly:438:20",1096.127,46.353,""
"b''","/home/henri/projects/partitur-data/Tuhan_Maha_Kasih/Tuhan_Maha_Kasih_ly_main.ly:224:20",1096.127,22.671,""
"b'","/home/henri/projects/partitur-data/Tuhan_Maha_Kasih/Tuhan_Maha_Kasih_ly_main.ly:438:27",1098.867,46.353,""
"fis'","/home/henri/projects/partitur-data/Tuhan_Maha_Kasih/Tuhan_Maha_Kasih_ly_main.ly:536:3",1102.851,56.626,""
"cis''","/home/henri/projects/partitur-data/Tuhan_Maha_Kasih/Tuhan_Maha_Kasih_ly_main.ly:439:3",1102.851,46.353,""
"cis''","/home/henri/projects/partitur-data/Tuhan_Maha_Kasih/Tuhan_Maha_Kasih_ly_main.ly:337:3",1102.851,33.047,""
"cis'''","/home/henri/projects/partitur-data/Tuhan_Maha_Kasih/Tuhan_Maha_Kasih_ly_main.ly:225:3",1102.851,22.671,""
"eis'","/home/henri/projects/partitur-data/Tuhan_Maha_Kasih/Tuhan_Maha_Kasih_ly_main.ly:536:9",1106.763,56.626,""
"cis''","/home/henri/projects/partitur-data/Tuhan_Maha_Kasih/Tuhan_Maha_Kasih_ly_main.ly:337:10",1106.763,33.047,""
"fis'","/home/henri/projects/partitur-data/Tuhan_Maha_Kasih/Tuhan_Maha_Kasih_ly_main.ly:536:15",1109.617,56.626,""
"dis''","/home/henri/projects/partitur-data/Tuhan_Maha_Kasih/Tuhan_Maha_Kasih_ly_main.ly:337:17",1109.617,33.047,""
"gis'","/home/henri/projects/partitur-data/Tuhan_Maha_Kasih/Tuhan_Maha_Kasih_ly_main.ly:536:23",1112.357,56.626,""
"eis''","/home/henri/projects/partitur-data/Tuhan_Maha_Kasih/Tuhan_Maha_Kasih_ly_main.ly:337:26",1112.357,33.047,""
"ais'","/home/henri/projects/partitur-data/Tuhan_Maha_Kasih/Tuhan_Maha_Kasih_ly_main.ly:536:31",1115.097,56.626,""
"fis''","/home/henri/projects/partitur-data/Tuhan_Maha_Kasih/Tuhan_Maha_Kasih_ly_main.ly:337:35",1115.097,33.047,""
"b'","/home/henri/projects/partitur-data/Tuhan_Maha_Kasih/Tuhan_Maha_Kasih_ly_main.ly:536:37",1120.576,56.626,""
"b'","/home/henri/projects/partitur-data/Tuhan_Maha_Kasih/Tuhan_Maha_Kasih_ly_main.ly:439:17",1120.576,46.353,""
"b''","/home/henri/projects/partitur-data/Tuhan_Maha_Kasih/Tuhan_Maha_Kasih_ly_main.ly:337:42",1120.576,33.047,""
"b''","/home/henri/projects/partitur-data/Tuhan_Maha_Kasih/Tuhan_Maha_Kasih_ly_main.ly:225:18",1120.576,22.671,""
"ais'","/home/henri/projects/partitur-data/Tuhan_Maha_Kasih/Tuhan_Maha_Kasih_ly_main.ly:536:41",1123.557,56.626,""
"ais'","/home/henri/projects/partitur-data/Tuhan_Maha_Kasih/Tuhan_Maha_Kasih_ly_main.ly:439:21",1123.557,46.353,""
"ais''","/home/henri/projects/partitur-data/Tuhan_Maha_Kasih/Tuhan_Maha_Kasih_ly_main.ly:337:47",1123.557,33.047,""
"ais''","/home/henri/projects/partitur-data/Tuhan_Maha_Kasih/Tuhan_Maha_Kasih_ly_main.ly:225:23",1123.557,22.671,""
"gis'","/home/henri/projects/partitur-data/Tuhan_Maha_Kasih/Tuhan_Maha_Kasih_ly_main.ly:537:3",1127.873,56.626,""
"gis'","/home/henri/projects/partitur-data/Tuhan_Maha_Kasih/Tuhan_Maha_Kasih_ly_main.ly:440:3",1127.873,46.353,""
"gis''","/home/henri/projects/partitur-data/Tuhan_Maha_Kasih/Tuhan_Maha_Kasih_ly_main.ly:338:3",1127.873,33.047,""
"gis''","/home/henri/projects/partitur-data/Tuhan_Maha_Kasih/Tuhan_Maha_Kasih_ly_main.ly:226:3",1127.873,22.671,""
"gis'","/home/henri/projects/partitur-data/Tuhan_Maha_Kasih/Tuhan_Maha_Kasih_ly_main.ly:537:10",1134.553,56.626,""
"gis'","/home/henri/projects/partitur-data/Tuhan_Maha_Kasih/Tuhan_Maha_Kasih_ly_main.ly:440:10",1134.553,46.353,""
"gis''","/home/henri/projects/partitur-data/Tuhan_Maha_Kasih/Tuhan_Maha_Kasih_ly_main.ly:338:11",1134.553,33.047,""
"gis''","/home/henri/projects/partitur-data/Tuhan_Maha_Kasih/Tuhan_Maha_Kasih_ly_main.ly:226:11",1134.553,22.671,""
"gis'","/home/henri/projects/partitur-data/Tuhan_Maha_Kasih/Tuhan_Maha_Kasih_ly_main.ly:537:16",1138.86,56.626,""
"gis'","/home/henri/projects/partitur-data/Tuhan_Maha_Kasih/Tuhan_Maha_Kasih_ly_main.ly:440:16",1138.86,46.353,""
"gis''","/home/henri/projects/partitur-data/Tuhan_Maha_Kasih/Tuhan_Maha_Kasih_ly_main.ly:338:18",1138.86,33.047,""
"gis''","/home/henri/projects/partitur-data/Tuhan_Maha_Kasih/Tuhan_Maha_Kasih_ly_main.ly:226:18",1138.86,22.671,""
"ais'","/home/henri/projects/partitur-data/Tuhan_Maha_Kasih/Tuhan_Maha_Kasih_ly_main.ly:537:22",1144.323,56.626,""
"ais'","/home/henri/projects/partitur-data/Tuhan_Maha_Kasih/Tuhan_Maha_Kasih_ly_main.ly:440:22",1144.323,46.353,""
"ais''","/home/henri/projects/partitur-data/Tuhan_Maha_Kasih/Tuhan_Maha_Kasih_ly_main.ly:338:25",1144.323,33.047,""
"ais''","/home/henri/projects/partitur-data/Tuhan_Maha_Kasih/Tuhan_Maha_Kasih_ly_main.ly:226:25",1144.323,22.671,""
"b'","/home/henri/projects/partitur-data/Tuhan_Maha_Kasih/Tuhan_Maha_Kasih_ly_main.ly:537:28",1149.562,56.626,""
"b'","/home/henri/projects/partitur-data/Tuhan_Maha_Kasih/Tuhan_Maha_Kasih_ly_main.ly:440:28",1149.562,46.353,""
"b''","/home/henri/projects/partitur-data/Tuhan_Maha_Kasih/Tuhan_Maha_Kasih_ly_main.ly:338:32",1149.562,33.047,""
"b''","/home/henri/projects/partitur-data/Tuhan_Maha_Kasih/Tuhan_Maha_Kasih_ly_main.ly:226:32",1149.562,22.671,""
"gis'","/home/henri/projects/partitur-data/Tuhan_Maha_Kasih/Tuhan_Maha_Kasih_ly_main.ly:537:32",1152.667,56.626,""
"gis'","/home/henri/projects/partitur-data/Tuhan_Maha_Kasih/Tuhan_Maha_Kasih_ly_main.ly:440:32",1152.667,46.353,""
"gis''","/home/henri/projects/partitur-data/Tuhan_Maha_Kasih/Tuhan_Maha_Kasih_ly_main.ly:338:37",1152.667,33.047,""
"gis''","/home/henri/projects/partitur-data/Tuhan_Maha_Kasih/Tuhan_Maha_Kasih_ly_main.ly:226:37",1152.667,22.671,""
"fis'","/home/henri/projects/partitur-data/Tuhan_Maha_Kasih/Tuhan_Maha_Kasih_ly_main.ly:538:3",1156.728,56.626,""
"fis'","/home/henri/projects/partitur-data/Tuhan_Maha_Kasih/Tuhan_Maha_Kasih_ly_main.ly:441:3",1156.728,46.353,""
"fis''","/home/henri/projects/partitur-data/Tuhan_Maha_Kasih/Tuhan_Maha_Kasih_ly_main.ly:339:3",1156.728,33.047,""
"fis''","/home/henri/projects/partitur-data/Tuhan_Maha_Kasih/Tuhan_Maha_Kasih_ly_main.ly:227:3",1156.728,22.671,""
"bis'","/home/henri/projects/partitur-data/Tuhan_Maha_Kasih/Tuhan_Maha_Kasih_ly_main.ly:339:17",1170.087,33.047,""
"dis''","/home/henri/projects/partitur-data/Tuhan_Maha_Kasih/Tuhan_Maha_Kasih_ly_main.ly:227:17",1170.087,22.671,""
"dis''","/home/henri/projects/partitur-data/Tuhan_Maha_Kasih/Tuhan_Maha_Kasih_ly_main.ly:339:23",1176.565,33.047,""
"fis''","/home/henri/projects/partitur-data/Tuhan_Maha_Kasih/Tuhan_Maha_Kasih_ly_main.ly:227:29",1176.565,22.671,""
"dis''","/home/henri/projects/partitur-data/Tuhan_Maha_Kasih/Tuhan_Maha_Kasih_ly_main.ly:340:3",1181.653,33.047,""
"fis''","/home/henri/projects/partitur-data/Tuhan_Maha_Kasih/Tuhan_Maha_Kasih_ly_main.ly:228:3",1181.653,22.671,""
"cis''","/home/henri/projects/partitur-data/Tuhan_Maha_Kasih/Tuhan_Maha_Kasih_ly_main.ly:340:10",1184.393,33.047,""
"e''","/home/henri/projects/partitur-data/Tuhan_Maha_Kasih/Tuhan_Maha_Kasih_ly_main.ly:228:10",1184.393,22.671,""
"e'","/home/henri/projects/partitur-data/Tuhan_Maha_Kasih/Tuhan_Maha_Kasih_ly_main.ly:539:6",1187.133,56.626,""
"gis'","/home/henri/projects/partitur-data/Tuhan_Maha_Kasih/Tuhan_Maha_Kasih_ly_main.ly:442:6",1187.133,46.353,""
"cis''","/home/henri/projects/partitur-data/Tuhan_Maha_Kasih/Tuhan_Maha_Kasih_ly_main.ly:340:17",1187.133,33.047,""
"e''","/home/henri/projects/partitur-data/Tuhan_Maha_Kasih/Tuhan_Maha_Kasih_ly_main.ly:228:15",1187.133,22.671,""
"gis'","/home/henri/projects/partitur-data/Tuhan_Maha_Kasih/Tuhan_Maha_Kasih_ly_main.ly:539:10",1193.611,56.626,""
"b'","/home/henri/projects/partitur-data/Tuhan_Maha_Kasih/Tuhan_Maha_Kasih_ly_main.ly:442:12",1193.611,46.353,""
"gis'","/home/henri/projects/partitur-data/Tuhan_Maha_Kasih/Tuhan_Maha_Kasih_ly_main.ly:539:16",1198.7,56.626,""
"b'","/home/henri/projects/partitur-data/Tuhan_Maha_Kasih/Tuhan_Maha_Kasih_ly_main.ly:442:16",1198.7,46.353,""
"fis'","/home/henri/projects/partitur-data/Tuhan_Maha_Kasih/Tuhan_Maha_Kasih_ly_main.ly:539:22",1201.439,56.626,""
"ais'","/home/henri/projects/partitur-data/Tuhan_Maha_Kasih/Tuhan_Maha_Kasih_ly_main.ly:442:20",1201.439,46.353,""
"fis'","/home/henri/projects/partitur-data/Tuhan_Maha_Kasih/Tuhan_Maha_Kasih_ly_main.ly:539:28",1204.179,56.626,""
"ais'","/home/henri/projects/partitur-data/Tuhan_Maha_Kasih/Tuhan_Maha_Kasih_ly_main.ly:442:26",1204.179,46.353,""
"cis''","/home/henri/projects/partitur-data/Tuhan_Maha_Kasih/Tuhan_Maha_Kasih_ly_main.ly:340:24",1204.179,33.047,""
"cis''","/home/henri/projects/partitur-data/Tuhan_Maha_Kasih/Tuhan_Maha_Kasih_ly_main.ly:228:20",1204.179,22.671,""
"e''","/home/henri/projects/partitur-data/Tuhan_Maha_Kasih/Tuhan_Maha_Kasih_ly_main.ly:340:31",1206.919,33.047,""
"gis''","/home/henri/projects/partitur-data/Tuhan_Maha_Kasih/Tuhan_Maha_Kasih_ly_main.ly:228:27",1206.919,22.671,""
"e''","/home/henri/projects/partitur-data/Tuhan_Maha_Kasih/Tuhan_Maha_Kasih_ly_main.ly:341:3",1210.904,33.047,""
"gis''","/home/henri/projects/partitur-data/Tuhan_Maha_Kasih/Tuhan_Maha_Kasih_ly_main.ly:229:3",1210.904,22.671,""
"b'","/home/henri/projects/partitur-data/Tuhan_Maha_Kasih/Tuhan_Maha_Kasih_ly_main.ly:540:6",1213.644,56.626,""
"dis''","/home/henri/projects/partitur-data/Tuhan_Maha_Kasih/Tuhan_Maha_Kasih_ly_main.ly:443:6",1213.644,46.353,""
"dis''","/home/henri/projects/partitur-data/Tuhan_Maha_Kasih/Tuhan_Maha_Kasih_ly_main.ly:341:10",1213.644,33.047,""
"fis''","/home/henri/projects/partitur-data/Tuhan_Maha_Kasih/Tuhan_Maha_Kasih_ly_main.ly:229:12",1213.644,22.671,""
"b'","/home/henri/projects/partitur-data/Tuhan_Maha_Kasih/Tuhan_Maha_Kasih_ly_main.ly:540:10",1216.384,56.626,""
"dis''","/home/henri/projects/partitur-data/Tuhan_Maha_Kasih/Tuhan_Maha_Kasih_ly_main.ly:443:13",1216.384,46.353,""
"dis''","/home/henri/projects/partitur-data/Tuhan_Maha_Kasih/Tuhan_Maha_Kasih_ly_main.ly:341:19",1216.384,33.047,""
"fis''","/home/henri/projects/partitur-data/Tuhan_Maha_Kasih/Tuhan_Maha_Kasih_ly_main.ly:229:21",1216.384,22.671,""
"ais'","/home/henri/projects/partitur-data/Tuhan_Maha_Kasih/Tuhan_Maha_Kasih_ly_main.ly:540:14",1219.751,56.626,""
"cis''","/home/henri/projects/partitur-data/Tuhan_Maha_Kasih/Tuhan_Maha_Kasih_ly_main.ly:443:20",1219.751,46.353,""
"gis'","/home/henri/projects/partitur-data/Tuhan_Maha_Kasih/Tuhan_Maha_Kasih_ly_main.ly:540:20",1222.705,56.626,""
"bis'","/home/henri/projects/partitur-data/Tuhan_Maha_Kasih/Tuhan_Maha_Kasih_ly_main.ly:443:27",1222.705,46.353,""
"fis'","/home/henri/projects/partitur-data/Tuhan_Maha_Kasih/Tuhan_Maha_Kasih_ly_main.ly:540:28",1226.16,56.626,""
"e'","/home/henri/projects/partitur-data/Tuhan_Maha_Kasih/Tuhan_Maha_Kasih_ly_main.ly:540:36",1229.615,56.626,""
"gis'","/home/henri/projects/partitur-data/Tuhan_Maha_Kasih/Tuhan_Maha_Kasih_ly_main.ly:443:33",1229.615,46.353,""
"bis'","/home/henri/projects/partitur-data/Tuhan_Maha_Kasih/Tuhan_Maha_Kasih_ly_main.ly:341:30",1229.615,33.047,""
"dis''","/home/henri/projects/partitur-data/Tuhan_Maha_Kasih/Tuhan_Maha_Kasih_ly_main.ly:229:32",1229.615,22.671,""
"dis'","/home/henri/projects/partitur-data/Tuhan_Maha_Kasih/Tuhan_Maha_Kasih_ly_main.ly:540:40",1233.077,56.626,""
"gis'","/home/henri/projects/partitur-data/Tuhan_Maha_Kasih/Tuhan_Maha_Kasih_ly_main.ly:443:39",1233.077,46.353,""
"dis''","/home/henri/projects/partitur-data/Tuhan_Maha_Kasih/Tuhan_Maha_Kasih_ly_main.ly:341:36",1233.077,33.047,""
"fis''","/home/henri/projects/partitur-data/Tuhan_Maha_Kasih/Tuhan_Maha_Kasih_ly_main.ly:229:41",1233.077,22.671,""
"cis'","/home/henri/projects/partitur-data/Tuhan_Maha_Kasih/Tuhan_Maha_Kasih_ly_main.ly:541:3",1237.061,56.626,""
"gis'","/home/henri/projects/partitur-data/Tuhan_Maha_Kasih/Tuhan_Maha_Kasih_ly_main.ly:444:3",1237.061,46.353,""
"dis''","/home/henri/projects/partitur-data/Tuhan_Maha_Kasih/Tuhan_Maha_Kasih_ly_main.ly:342:3",1237.061,33.047,""
"fis''","/home/henri/projects/partitur-data/Tuhan_Maha_Kasih/Tuhan_Maha_Kasih_ly_main.ly:230:3",1237.061,22.671,""
"cis''","/home/henri/projects/partitur-data/Tuhan_Maha_Kasih/Tuhan_Maha_Kasih_ly_main.ly:342:12",1239.801,33.047,""
"e''","/home/henri/projects/partitur-data/Tuhan_Maha_Kasih/Tuhan_Maha_Kasih_ly_main.ly:230:12",1239.801,22.671,""
"dis'","/home/henri/projects/partitur-data/Tuhan_Maha_Kasih/Tuhan_Maha_Kasih_ly_main.ly:541:11",1242.541,56.626,""
"e''","/home/henri/projects/partitur-data/Tuhan_Maha_Kasih/Tuhan_Maha_Kasih_ly_main.ly:342:21",1242.541,33.047,""
"gis''","/home/henri/projects/partitur-data/Tuhan_Maha_Kasih/Tuhan_Maha_Kasih_ly_main.ly:230:19",1242.541,22.671,""
"e'","/home/henri/projects/partitur-data/Tuhan_Maha_Kasih/Tuhan_Maha_Kasih_ly_main.ly:541:17",1245.281,56.626,""
"b'","/home/henri/projects/partitur-data/Tuhan_Maha_Kasih/Tuhan_Maha_Kasih_ly_main.ly:444:12",1245.281,46.353,""
"fis'","/home/henri/projects/partitur-data/Tuhan_Maha_Kasih/Tuhan_Maha_Kasih_ly_main.ly:541:23",1248.021,56.626,""
"cis''","/home/henri/projects/partitur-data/Tuhan_Maha_Kasih/Tuhan_Maha_Kasih_ly_main.ly:444:19",1248.021,46.353,""
"fis'","/home/henri/projects/partitur-data/Tuhan_Maha_Kasih/Tuhan_Maha_Kasih_ly_main.ly:541:29",1252.565,56.626,""
"cis''","/home/henri/projects/partitur-data/Tuhan_Maha_Kasih/Tuhan_Maha_Kasih_ly_main.ly:444:26",1252.565,46.353,""
"e''","/home/henri/projects/partitur-data/Tuhan_Maha_Kasih/Tuhan_Maha_Kasih_ly_main.ly:342:27",1252.565,33.047,""
"ais''","/home/henri/projects/partitur-data/Tuhan_Maha_Kasih/Tuhan_Maha_Kasih_ly_main.ly:230:29",1252.565,22.671,""
"fis'","/home/henri/projects/partitur-data/Tuhan_Maha_Kasih/Tuhan_Maha_Kasih_ly_main.ly:541:35",1257.66,56.626,""
"dis''","/home/henri/projects/partitur-data/Tuhan_Maha_Kasih/Tuhan_Maha_Kasih_ly_main.ly:444:33",1257.66,46.353,""
"fis''","/home/henri/projects/partitur-data/Tuhan_Maha_Kasih/Tuhan_Maha_Kasih_ly_main.ly:342:32",1257.66,33.047,""
"b''","/home/henri/projects/partitur-data/Tuhan_Maha_Kasih/Tuhan_Maha_Kasih_ly_main.ly:230:36",1257.66,22.671,""
"fis'","/home/henri/projects/partitur-data/Tuhan_Maha_Kasih/Tuhan_Maha_Kasih_ly_main.ly:541:41",1263.011,56.626,""
"e''","/home/henri/projects/partitur-data/Tuhan_Maha_Kasih/Tuhan_Maha_Kasih_ly_main.ly:444:41",1263.011,46.353,""
"gis''","/home/henri/projects/partitur-data/Tuhan_Maha_Kasih/Tuhan_Maha_Kasih_ly_main.ly:342:39",1263.011,33.047,""
"cis'''","/home/henri/projects/partitur-data/Tuhan_Maha_Kasih/Tuhan_Maha_Kasih_ly_main.ly:230:41",1263.011,22.671,""
"b","/home/henri/projects/partitur-data/Tuhan_Maha_Kasih/Tuhan_Maha_Kasih_ly_main.ly:542:3",1266.995,56.626,""
"e''","/home/henri/projects/partitur-data/Tuhan_Maha_Kasih/Tuhan_Maha_Kasih_ly_main.ly:445:3",1266.995,46.353,""
"gis''","/home/henri/projects/partitur-data/Tuhan_Maha_Kasih/Tuhan_Maha_Kasih_ly_main.ly:343:3",1266.995,33.047,""
"cis'''","/home/henri/projects/partitur-data/Tuhan_Maha_Kasih/Tuhan_Maha_Kasih_ly_main.ly:231:3",1266.995,22.671,""
"b","/home/henri/projects/partitur-data/Tuhan_Maha_Kasih/Tuhan_Maha_Kasih_ly_main.ly:542:6",1269.799,56.626,""
"dis''","/home/henri/projects/partitur-data/Tuhan_Maha_Kasih/Tuhan_Maha_Kasih_ly_main.ly:445:8",1269.799,46.353,""
"fis''","/home/henri/projects/partitur-data/Tuhan_Maha_Kasih/Tuhan_Maha_Kasih_ly_main.ly:343:10",1269.799,33.047,""
"b''","/home/henri/projects/partitur-data/Tuhan_Maha_Kasih/Tuhan_Maha_Kasih_ly_main.ly:231:11",1269.799,22.671,""
"b","/home/henri/projects/partitur-data/Tuhan_Maha_Kasih/Tuhan_Maha_Kasih_ly_main.ly:542:9",1272.539,56.626,""
"dis''","/home/henri/projects/partitur-data/Tuhan_Maha_Kasih/Tuhan_Maha_Kasih_ly_main.ly:445:15",1272.539,46.353,""
"fis''","/home/henri/projects/partitur-data/Tuhan_Maha_Kasih/Tuhan_Maha_Kasih_ly_main.ly:343:17",1272.539,33.047,""
"b''","/home/henri/projects/partitur-data/Tuhan_Maha_Kasih/Tuhan_Maha_Kasih_ly_main.ly:231:16",1272.539,22.671,""
"fis'","/home/henri/projects/partitur-data/Tuhan_Maha_Kasih/Tuhan_Maha_Kasih_ly_main.ly:447:3",1276.639,46.353,""
"dis'''","/home/henri/projects/partitur-data/Tuhan_Maha_Kasih/Tuhan_Maha_Kasih_ly_main.ly:346:3",1276.639,33.047,""
"fis'''","/home/henri/projects/partitur-data/Tuhan_Maha_Kasih/Tuhan_Maha_Kasih_ly_main.ly:346:12",1279.379,33.047,""
"dis'''","/home/henri/projects/partitur-data/Tuhan_Maha_Kasih/Tuhan_Maha_Kasih_ly_main.ly:234:3",1279.379,22.671,""
"e'''","/home/henri/projects/partitur-data/Tuhan_Maha_Kasih/Tuhan_Maha_Kasih_ly_main.ly:346:20",1282.221,33.047,""
"cis'''","/home/henri/projects/partitur-data/Tuhan_Maha_Kasih/Tuhan_Maha_Kasih_ly_main.ly:234:16",1282.221,22.671,""
"dis'''","/home/henri/projects/partitur-data/Tuhan_Maha_Kasih/Tuhan_Maha_Kasih_ly_main.ly:346:26",1284.961,33.047,""
"b''","/home/henri/projects/partitur-data/Tuhan_Maha_Kasih/Tuhan_Maha_Kasih_ly_main.ly:234:24",1284.961,22.671,""
"e'","/home/henri/projects/partitur-data/Tuhan_Maha_Kasih/Tuhan_Maha_Kasih_ly_main.ly:546:5",1291.559,56.626,""
"b","/home/henri/projects/partitur-data/Tuhan_Maha_Kasih/Tuhan_Maha_Kasih_ly_main.ly:451:5",1291.559,46.353,""
"b''","/home/henri/projects/partitur-data/Tuhan_Maha_Kasih/Tuhan_Maha_Kasih_ly_main.ly:350:5",1291.559,33.047,""
"gis''","/home/henri/projects/partitur-data/Tuhan_Maha_Kasih/Tuhan_Maha_Kasih_ly_main.ly:238:5",1291.559,22.671,""
"e'","/home/henri/projects/partitur-data/Tuhan_Maha_Kasih/Tuhan_Maha_Kasih_ly_main.ly:546:9",1295.498,56.626,""
"b","/home/henri/projects/partitur-data/Tuhan_Maha_Kasih/Tuhan_Maha_Kasih_ly_main.ly:451:8",1295.498,46.353,""
"fis'","/home/henri/projects/partitur-data/Tuhan_Maha_Kasih/Tuhan_Maha_Kasih_ly_main.ly:546:13",1298.238,56.626,""
"b","/home/henri/projects/partitur-data/Tuhan_Maha_Kasih/Tuhan_Maha_Kasih_ly_main.ly:451:11",1298.238,46.353,""
"gis'","/home/henri/projects/partitur-data/Tuhan_Maha_Kasih/Tuhan_Maha_Kasih_ly_main.ly:546:19",1301.005,56.626,""
"e'","/home/henri/projects/partitur-data/Tuhan_Maha_Kasih/Tuhan_Maha_Kasih_ly_main.ly:451:14",1301.005,46.353,""
"b''","/home/henri/projects/partitur-data/Tuhan_Maha_Kasih/Tuhan_Maha_Kasih_ly_main.ly:350:14",1303.745,33.047,""
"gis''","/home/henri/projects/partitur-data/Tuhan_Maha_Kasih/Tuhan_Maha_Kasih_ly_main.ly:238:19",1303.745,22.671,""
"e'''","/home/henri/projects/partitur-data/Tuhan_Maha_Kasih/Tuhan_Maha_Kasih_ly_main.ly:350:19",1306.485,33.047,""
"b''","/home/henri/projects/partitur-data/Tuhan_Maha_Kasih/Tuhan_Maha_Kasih_ly_main.ly:238:29",1306.485,22.671,""
"e'''","/home/henri/projects/partitur-data/Tuhan_Maha_Kasih/Tuhan_Maha_Kasih_ly_main.ly:350:25",1309.225,33.047,""
"gis''","/home/henri/projects/partitur-data/Tuhan_Maha_Kasih/Tuhan_Maha_Kasih_ly_main.ly:238:34",1309.225,22.671,""
"ais'","/home/henri/projects/partitur-data/Tuhan_Maha_Kasih/Tuhan_Maha_Kasih_ly_main.ly:547:5",1313.209,56.626,""
"fis'","/home/henri/projects/partitur-data/Tuhan_Maha_Kasih/Tuhan_Maha_Kasih_ly_main.ly:452:5",1313.209,46.353,""
"fis'''","/home/henri/projects/partitur-data/Tuhan_Maha_Kasih/Tuhan_Maha_Kasih_ly_main.ly:351:5",1313.209,33.047,""
"dis'''","/home/henri/projects/partitur-data/Tuhan_Maha_Kasih/Tuhan_Maha_Kasih_ly_main.ly:239:5",1313.209,22.671,""
"cis'''","/home/henri/projects/partitur-data/Tuhan_Maha_Kasih/Tuhan_Maha_Kasih_ly_main.ly:239:15",1315.949,22.671,""
"ais'","/home/henri/projects/partitur-data/Tuhan_Maha_Kasih/Tuhan_Maha_Kasih_ly_main.ly:547:11",1318.689,56.626,""
"fis'","/home/henri/projects/partitur-data/Tuhan_Maha_Kasih/Tuhan_Maha_Kasih_ly_main.ly:452:11",1318.689,46.353,""
"b'","/home/henri/projects/partitur-data/Tuhan_Maha_Kasih/Tuhan_Maha_Kasih_ly_main.ly:547:18",1321.429,56.626,""
"gis'","/home/henri/projects/partitur-data/Tuhan_Maha_Kasih/Tuhan_Maha_Kasih_ly_main.ly:452:18",1321.429,46.353,""
"cis''","/home/henri/projects/partitur-data/Tuhan_Maha_Kasih/Tuhan_Maha_Kasih_ly_main.ly:547:22",1324.796,56.626,""
"ais'","/home/henri/projects/partitur-data/Tuhan_Maha_Kasih/Tuhan_Maha_Kasih_ly_main.ly:452:24",1324.796,46.353,""
"fis'","/home/henri/projects/partitur-data/Tuhan_Maha_Kasih/Tuhan_Maha_Kasih_ly_main.ly:547:38",1329.736,56.626,""
"fis'","/home/henri/projects/partitur-data/Tuhan_Maha_Kasih/Tuhan_Maha_Kasih_ly_main.ly:452:39",1329.736,46.353,""
"cis'''","/home/henri/projects/partitur-data/Tuhan_Maha_Kasih/Tuhan_Maha_Kasih_ly_main.ly:351:23",1329.736,33.047,""
"ais''","/home/henri/projects/partitur-data/Tuhan_Maha_Kasih/Tuhan_Maha_Kasih_ly_main.ly:239:42",1329.736,22.671,""
"e'","/home/henri/projects/partitur-data/Tuhan_Maha_Kasih/Tuhan_Maha_Kasih_ly_main.ly:547:44",1332.476,56.626,""
"e'","/home/henri/projects/partitur-data/Tuhan_Maha_Kasih/Tuhan_Maha_Kasih_ly_main.ly:452:45",1332.476,46.353,""
"b''","/home/henri/projects/partitur-data/Tuhan_Maha_Kasih/Tuhan_Maha_Kasih_ly_main.ly:351:31",1332.476,33.047,""
"gis''","/home/henri/projects/partitur-data/Tuhan_Maha_Kasih/Tuhan_Maha_Kasih_ly_main.ly:239:52",1332.476,22.671,""
"dis'","/home/henri/projects/partitur-data/Tuhan_Maha_Kasih/Tuhan_Maha_Kasih_ly_main.ly:548:5",1336.482,56.626,""
"dis'","/home/henri/projects/partitur-data/Tuhan_Maha_Kasih/Tuhan_Maha_Kasih_ly_main.ly:453:5",1336.482,46.353,""
"ais''","/home/henri/projects/partitur-data/Tuhan_Maha_Kasih/Tuhan_Maha_Kasih_ly_main.ly:352:5",1336.482,33.047,""
"fis''","/home/henri/projects/partitur-data/Tuhan_Maha_Kasih/Tuhan_Maha_Kasih_ly_main.ly:240:5",1336.482,22.671,""
"dis'","/home/henri/projects/partitur-data/Tuhan_Maha_Kasih/Tuhan_Maha_Kasih_ly_main.ly:548:11",1344.362,56.626,""
"cis'","/home/henri/projects/partitur-data/Tuhan_Maha_Kasih/Tuhan_Maha_Kasih_ly_main.ly:453:11",1344.362,46.353,""
"ais''","/home/henri/projects/partitur-data/Tuhan_Maha_Kasih/Tuhan_Maha_Kasih_ly_main.ly:352:12",1344.362,33.047,""
"fis''","/home/henri/projects/partitur-data/Tuhan_Maha_Kasih/Tuhan_Maha_Kasih_ly_main.ly:240:12",1344.362,22.671,""
"dis'","/home/henri/projects/partitur-data/Tuhan_Maha_Kasih/Tuhan_Maha_Kasih_ly_main.ly:548:17",1349.037,56.626,""
"dis'","/home/henri/projects/partitur-data/Tuhan_Maha_Kasih/Tuhan_Maha_Kasih_ly_main.ly:453:17",1349.037,46.353,""
"ais''","/home/henri/projects/partitur-data/Tuhan_Maha_Kasih/Tuhan_Maha_Kasih_ly_main.ly:352:19",1349.037,33.047,""
"fis''","/home/henri/projects/partitur-data/Tuhan_Maha_Kasih/Tuhan_Maha_Kasih_ly_main.ly:240:19",1349.037,22.671,""
"fis'","/home/henri/projects/partitur-data/Tuhan_Maha_Kasih/Tuhan_Maha_Kasih_ly_main.ly:548:23",1352.836,56.626,""
"dis'","/home/henri/projects/partitur-data/Tuhan_Maha_Kasih/Tuhan_Maha_Kasih_ly_main.ly:453:23",1352.836,46.353,""
"ais''","/home/henri/projects/partitur-data/Tuhan_Maha_Kasih/Tuhan_Maha_Kasih_ly_main.ly:352:26",1352.836,33.047,""
"cis'''","/home/henri/projects/partitur-data/Tuhan_Maha_Kasih/Tuhan_Maha_Kasih_ly_main.ly:240:26",1352.836,22.671,""
"ais'","/home/henri/projects/partitur-data/Tuhan_Maha_Kasih/Tuhan_Maha_Kasih_ly_main.ly:548:29",1356.035,56.626,""
"dis'","/home/henri/projects/partitur-data/Tuhan_Maha_Kasih/Tuhan_Maha_Kasih_ly_main.ly:453:29",1356.035,46.353,""
"dis'''","/home/henri/projects/partitur-data/Tuhan_Maha_Kasih/Tuhan_Maha_Kasih_ly_main.ly:352:33",1356.035,33.047,""
"ais''","/home/henri/projects/partitur-data/Tuhan_Maha_Kasih/Tuhan_Maha_Kasih_ly_main.ly:240:34",1356.035,22.671,""
"gis'","/home/henri/projects/partitur-data/Tuhan_Maha_Kasih/Tuhan_Maha_Kasih_ly_main.ly:549:5",1360.019,56.626,""
"e'","/home/henri/projects/partitur-data/Tuhan_Maha_Kasih/Tuhan_Maha_Kasih_ly_main.ly:454:5",1360.019,46.353,""
"cis'''","/home/henri/projects/partitur-data/Tuhan_Maha_Kasih/Tuhan_Maha_Kasih_ly_main.ly:353:5",1360.019,33.047,""
"cis'''","/home/henri/projects/partitur-data/Tuhan_Maha_Kasih/Tuhan_Maha_Kasih_ly_main.ly:241:5",1360.019,22.671,""
"gis'","/home/henri/projects/partitur-data/Tuhan_Maha_Kasih/Tuhan_Maha_Kasih_ly_main.ly:549:11",1365.227,56.626,""
"dis'","/home/henri/projects/partitur-data/Tuhan_Maha_Kasih/Tuhan_Maha_Kasih_ly_main.ly:454:9",1365.227,46.353,""
"dis'''","/home/henri/projects/partitur-data/Tuhan_Maha_Kasih/Tuhan_Maha_Kasih_ly_main.ly:353:13",1365.227,33.047,""
"b''","/home/henri/projects/partitur-data/Tuhan_Maha_Kasih/Tuhan_Maha_Kasih_ly_main.ly:241:13",1365.227,22.671,""
"dis'''","/home/henri/projects/partitur-data/Tuhan_Maha_Kasih/Tuhan_Maha_Kasih_ly_main.ly:353:25",1374.647,33.047,""
"b''","/home/henri/projects/partitur-data/Tuhan_Maha_Kasih/Tuhan_Maha_Kasih_ly_main.ly:241:22",1374.647,22.671,""
"b''","/home/henri/projects/partitur-data/Tuhan_Maha_Kasih/Tuhan_Maha_Kasih_ly_main.ly:353:33",1377.488,33.047,""
"gis''","/home/henri/projects/partitur-data/Tuhan_Maha_Kasih/Tuhan_Maha_Kasih_ly_main.ly:241:27",1377.488,22.671,""
"ais''","/home/henri/projects/partitur-data/Tuhan_Maha_Kasih/Tuhan_Maha_Kasih_ly_main.ly:353:38",1380.228,33.047,""
"fis''","/home/henri/projects/partitur-data/Tuhan_Maha_Kasih/Tuhan_Maha_Kasih_ly_main.ly:241:34",1380.228,22.671,""
"cis'","/home/henri/projects/partitur-data/Tuhan_Maha_Kasih/Tuhan_Maha_Kasih_ly_main.ly:550:5",1384.214,56.626,""
"e'","/home/henri/projects/partitur-data/Tuhan_Maha_Kasih/Tuhan_Maha_Kasih_ly_main.ly:455:5",1384.214,46.353,""
"gis''","/home/henri/projects/partitur-data/Tuhan_Maha_Kasih/Tuhan_Maha_Kasih_ly_main.ly:354:5",1384.214,33.047,""
"e''","/home/henri/projects/partitur-data/Tuhan_Maha_Kasih/Tuhan_Maha_Kasih_ly_main.ly:242:17",1384.214,22.671,""
"cis'","/home/henri/projects/partitur-data/Tuhan_Maha_Kasih/Tuhan_Maha_Kasih_ly_main.ly:550:11",1388.154,56.626,""
"e'","/home/henri/projects/partitur-data/Tuhan_Maha_Kasih/Tuhan_Maha_Kasih_ly_main.ly:455:9",1388.154,46.353,""
"dis'","/home/henri/projects/partitur-data/Tuhan_Maha_Kasih/Tuhan_Maha_Kasih_ly_main.ly:550:17",1390.894,56.626,""
"fis'","/home/henri/projects/partitur-data/Tuhan_Maha_Kasih/Tuhan_Maha_Kasih_ly_main.ly:455:13",1390.894,46.353,""
"e'","/home/henri/projects/partitur-data/Tuhan_Maha_Kasih/Tuhan_Maha_Kasih_ly_main.ly:550:23",1393.66,56.626,""
"gis'","/home/henri/projects/partitur-data/Tuhan_Maha_Kasih/Tuhan_Maha_Kasih_ly_main.ly:455:19",1393.66,46.353,""
"gis''","/home/henri/projects/partitur-data/Tuhan_Maha_Kasih/Tuhan_Maha_Kasih_ly_main.ly:354:16",1396.4,33.047,""
"e''","/home/henri/projects/partitur-data/Tuhan_Maha_Kasih/Tuhan_Maha_Kasih_ly_main.ly:242:26",1396.4,22.671,""
"b''","/home/henri/projects/partitur-data/Tuhan_Maha_Kasih/Tuhan_Maha_Kasih_ly_main.ly:354:23",1399.14,33.047,""
"gis''","/home/henri/projects/partitur-data/Tuhan_Maha_Kasih/Tuhan_Maha_Kasih_ly_main.ly:242:31",1399.14,22.671,""
"dis'''","/home/henri/projects/partitur-data/Tuhan_Maha_Kasih/Tuhan_Maha_Kasih_ly_main.ly:354:28",1401.88,33.047,""
"dis'''","/home/henri/projects/partitur-data/Tuhan_Maha_Kasih/Tuhan_Maha_Kasih_ly_main.ly:242:38",1401.88,22.671,""
"fis'","/home/henri/projects/partitur-data/Tuhan_Maha_Kasih/Tuhan_Maha_Kasih_ly_main.ly:551:5",1405.865,56.626,""
"ais'","/home/henri/projects/partitur-data/Tuhan_Maha_Kasih/Tuhan_Maha_Kasih_ly_main.ly:456:5",1405.865,46.353,""
"fis'''","/home/henri/projects/partitur-data/Tuhan_Maha_Kasih/Tuhan_Maha_Kasih_ly_main.ly:355:5",1405.865,33.047,""
"dis'''","/home/henri/projects/partitur-data/Tuhan_Maha_Kasih/Tuhan_Maha_Kasih_ly_main.ly:243:5",1405.865,22.671,""
"cis'''","/home/henri/projects/partitur-data/Tuhan_Maha_Kasih/Tuhan_Maha_Kasih_ly_main.ly:243:15",1408.605,22.671,""
"fis'","/home/henri/projects/partitur-data/Tuhan_Maha_Kasih/Tuhan_Maha_Kasih_ly_main.ly:551:11",1411.344,56.626,""
"ais'","/home/henri/projects/partitur-data/Tuhan_Maha_Kasih/Tuhan_Maha_Kasih_ly_main.ly:456:11",1411.344,46.353,""
"gis'","/home/henri/projects/partitur-data/Tuhan_Maha_Kasih/Tuhan_Maha_Kasih_ly_main.ly:551:17",1414.084,56.626,""
"gis'","/home/henri/projects/partitur-data/Tuhan_Maha_Kasih/Tuhan_Maha_Kasih_ly_main.ly:456:17",1414.084,46.353,""
"fis'","/home/henri/projects/partitur-data/Tuhan_Maha_Kasih/Tuhan_Maha_Kasih_ly_main.ly:551:23",1417.452,56.626,""
"fis'","/home/henri/projects/partitur-data/Tuhan_Maha_Kasih/Tuhan_Maha_Kasih_ly_main.ly:456:23",1417.452,46.353,""
"fis'","/home/henri/projects/partitur-data/Tuhan_Maha_Kasih/Tuhan_Maha_Kasih_ly_main.ly:551:29",1421.395,56.626,""
"ais'","/home/henri/projects/partitur-data/Tuhan_Maha_Kasih/Tuhan_Maha_Kasih_ly_main.ly:456:29",1421.395,46.353,""
"cis'''","/home/henri/projects/partitur-data/Tuhan_Maha_Kasih/Tuhan_Maha_Kasih_ly_main.ly:355:16",1421.395,33.047,""
"ais''","/home/henri/projects/partitur-data/Tuhan_Maha_Kasih/Tuhan_Maha_Kasih_ly_main.ly:243:29",1421.395,22.671,""
"cis'","/home/henri/projects/partitur-data/Tuhan_Maha_Kasih/Tuhan_Maha_Kasih_ly_main.ly:551:35",1425.288,56.626,""
"ais'","/home/henri/projects/partitur-data/Tuhan_Maha_Kasih/Tuhan_Maha_Kasih_ly_main.ly:456:35",1425.288,46.353,""
"cis'''","/home/henri/projects/partitur-data/Tuhan_Maha_Kasih/Tuhan_Maha_Kasih_ly_main.ly:355:24",1425.288,33.047,""
"ais''","/home/henri/projects/partitur-data/Tuhan_Maha_Kasih/Tuhan_Maha_Kasih_ly_main.ly:243:36",1425.288,22.671,""
"dis'","/home/henri/projects/partitur-data/Tuhan_Maha_Kasih/Tuhan_Maha_Kasih_ly_main.ly:551:41",1428.393,56.626,""
"fis'","/home/henri/projects/partitur-data/Tuhan_Maha_Kasih/Tuhan_Maha_Kasih_ly_main.ly:456:41",1428.393,46.353,""
"dis'''","/home/henri/projects/partitur-data/Tuhan_Maha_Kasih/Tuhan_Maha_Kasih_ly_main.ly:355:32",1428.393,33.047,""
"b''","/home/henri/projects/partitur-data/Tuhan_Maha_Kasih/Tuhan_Maha_Kasih_ly_main.ly:243:43",1428.393,22.671,""
"e'","/home/henri/projects/partitur-data/Tuhan_Maha_Kasih/Tuhan_Maha_Kasih_ly_main.ly:552:5",1432.377,56.626,""
"gis'","/home/henri/projects/partitur-data/Tuhan_Maha_Kasih/Tuhan_Maha_Kasih_ly_main.ly:457:5",1432.377,46.353,""
"e'''","/home/henri/projects/partitur-data/Tuhan_Maha_Kasih/Tuhan_Maha_Kasih_ly_main.ly:356:5",1432.377,33.047,""
"cis'''","/home/henri/projects/partitur-data/Tuhan_Maha_Kasih/Tuhan_Maha_Kasih_ly_main.ly:244:5",1432.377,22.671,""
"fis'","/home/henri/projects/partitur-data/Tuhan_Maha_Kasih/Tuhan_Maha_Kasih_ly_main.ly:553:7",1440.257,56.626,""
"b'","/home/henri/projects/partitur-data/Tuhan_Maha_Kasih/Tuhan_Maha_Kasih_ly_main.ly:458:7",1440.257,46.353,""
"dis'''","/home/henri/projects/partitur-data/Tuhan_Maha_Kasih/Tuhan_Maha_Kasih_ly_main.ly:357:7",1440.257,33.047,""
"dis''","/home/henri/projects/partitur-data/Tuhan_Maha_Kasih/Tuhan_Maha_Kasih_ly_main.ly:245:7",1440.257,22.671,""
"fis'","/home/henri/projects/partitur-data/Tuhan_Maha_Kasih/Tuhan_Maha_Kasih_ly_main.ly:553:13",1443.495,56.626,""
"ais'","/home/henri/projects/partitur-data/Tuhan_Maha_Kasih/Tuhan_Maha_Kasih_ly_main.ly:458:11",1443.495,46.353,""
"cis'''","/home/henri/projects/partitur-data/Tuhan_Maha_Kasih/Tuhan_Maha_Kasih_ly_main.ly:357:15",1443.495,33.047,""
"cis'''","/home/henri/projects/partitur-data/Tuhan_Maha_Kasih/Tuhan_Maha_Kasih_ly_main.ly:245:14",1443.495,22.671,""
"fis'","/home/henri/projects/partitur-data/Tuhan_Maha_Kasih/Tuhan_Maha_Kasih_ly_main.ly:553:19",1446.733,56.626,""
"gis'","/home/henri/projects/partitur-data/Tuhan_Maha_Kasih/Tuhan_Maha_Kasih_ly_main.ly:458:17",1446.733,46.353,""
"e'''","/home/henri/projects/partitur-data/Tuhan_Maha_Kasih/Tuhan_Maha_Kasih_ly_main.ly:357:23",1446.733,33.047,""
"b''","/home/henri/projects/partitur-data/Tuhan_Maha_Kasih/Tuhan_Maha_Kasih_ly_main.ly:245:22",1446.733,22.671,""
"b","/home/henri/projects/partitur-data/Tuhan_Maha_Kasih/Tuhan_Maha_Kasih_ly_main.ly:557:9",1451.215,56.626,""
"fis'","/home/henri/projects/partitur-data/Tuhan_Maha_Kasih/Tuhan_Maha_Kasih_ly_main.ly:462:9",1451.215,46.353,""
"dis'''","/home/henri/projects/partitur-data/Tuhan_Maha_Kasih/Tuhan_Maha_Kasih_ly_main.ly:362:9",1451.215,33.047,""
"b''","/home/henri/projects/partitur-data/Tuhan_Maha_Kasih/Tuhan_Maha_Kasih_ly_main.ly:250:9",1451.215,22.671,""
"fis'''","/home/henri/projects/partitur-data/Tuhan_Maha_Kasih/Tuhan_Maha_Kasih_ly_main.ly:362:20",1461.835,33.047,""
"dis'''","/home/henri/projects/partitur-data/Tuhan_Maha_Kasih/Tuhan_Maha_Kasih_ly_main.ly:250:17",1461.835,22.671,""
"e'''","/home/henri/projects/partitur-data/Tuhan_Maha_Kasih/Tuhan_Maha_Kasih_ly_main.ly:362:28",1464.676,33.047,""
"cis'''","/home/henri/projects/partitur-data/Tuhan_Maha_Kasih/Tuhan_Maha_Kasih_ly_main.ly:250:30",1464.676,22.671,""
"dis'''","/home/henri/projects/partitur-data/Tuhan_Maha_Kasih/Tuhan_Maha_Kasih_ly_main.ly:362:34",1467.416,33.047,""
"b''","/home/henri/projects/partitur-data/Tuhan_Maha_Kasih/Tuhan_Maha_Kasih_ly_main.ly:250:38",1467.416,22.671,""
"b","/home/henri/projects/partitur-data/Tuhan_Maha_Kasih/Tuhan_Maha_Kasih_ly_main.ly:560:9",1473.455,56.626,""
"fis'","/home/henri/projects/partitur-data/Tuhan_Maha_Kasih/Tuhan_Maha_Kasih_ly_main.ly:465:9",1473.455,46.353,""
"dis'''","/home/henri/projects/partitur-data/Tuhan_Maha_Kasih/Tuhan_Maha_Kasih_ly_main.ly:366:9",1473.455,33.047,""
"b''","/home/henri/projects/partitur-data/Tuhan_Maha_Kasih/Tuhan_Maha_Kasih_ly_main.ly:254:9",1473.455,22.671,""
"gis'","/home/henri/projects/partitur-data/Tuhan_Maha_Kasih/Tuhan_Maha_Kasih_ly_main.ly:560:15",1484.074,56.626,""
"gis'","/home/henri/projects/partitur-data/Tuhan_Maha_Kasih/Tuhan_Maha_Kasih_ly_main.ly:465:18",1484.074,46.353,""
"gis''","/home/henri/projects/partitur-data/Tuhan_Maha_Kasih/Tuhan_Maha_Kasih_ly_main.ly:366:20",1484.074,33.047,""
"gis''","/home/henri/projects/partitur-data/Tuhan_Maha_Kasih/Tuhan_Maha_Kasih_ly_main.ly:254:17",1484.074,22.671,""
"gis'","/home/henri/projects/partitur-data/Tuhan_Maha_Kasih/Tuhan_Maha_Kasih_ly_main.ly:560:21",1488.418,56.626,""
"gis'","/home/henri/projects/partitur-data/Tuhan_Maha_Kasih/Tuhan_Maha_Kasih_ly_main.ly:465:24",1488.418,46.353,""
"gis''","/home/henri/projects/partitur-data/Tuhan_Maha_Kasih/Tuhan_Maha_Kasih_ly_main.ly:366:27",1488.418,33.047,""
"gis''","/home/henri/projects/partitur-data/Tuhan_Maha_Kasih/Tuhan_Maha_Kasih_ly_main.ly:254:24",1488.418,22.671,""
"ais'","/home/henri/projects/partitur-data/Tuhan_Maha_Kasih/Tuhan_Maha_Kasih_ly_main.ly:560:27",1492.954,56.626,""
"ais'","/home/henri/projects/partitur-data/Tuhan_Maha_Kasih/Tuhan_Maha_Kasih_ly_main.ly:465:30",1492.954,46.353,""
"ais''","/home/henri/projects/partitur-data/Tuhan_Maha_Kasih/Tuhan_Maha_Kasih_ly_main.ly:366:34",1492.954,33.047,""
"ais''","/home/henri/projects/partitur-data/Tuhan_Maha_Kasih/Tuhan_Maha_Kasih_ly_main.ly:254:31",1492.954,22.671,""
"b'","/home/henri/projects/partitur-data/Tuhan_Maha_Kasih/Tuhan_Maha_Kasih_ly_main.ly:564:3",1499.127,56.626,""
"b'","/home/henri/projects/partitur-data/Tuhan_Maha_Kasih/Tuhan_Maha_Kasih_ly_main.ly:469:3",1499.127,46.353,""
"b''","/home/henri/projects/partitur-data/Tuhan_Maha_Kasih/Tuhan_Maha_Kasih_ly_main.ly:372:3",1499.127,33.047,""
"b''","/home/henri/projects/partitur-data/Tuhan_Maha_Kasih/Tuhan_Maha_Kasih_ly_main.ly:260:3",1499.127,22.671,""
"b'","/home/henri/projects/partitur-data/Tuhan_Maha_Kasih/Tuhan_Maha_Kasih_ly_main.ly:564:8",1510.947,56.626,""
"b'","/home/henri/projects/partitur-data/Tuhan_Maha_Kasih/Tuhan_Maha_Kasih_ly_main.ly:469:8",1510.947,46.353,""
"b''","/home/henri/projects/partitur-data/Tuhan_Maha_Kasih/Tuhan_Maha_Kasih_ly_main.ly:372:9",1510.947,33.047,""
"b''","/home/henri/projects/partitur-data/Tuhan_Maha_Kasih/Tuhan_Maha_Kasih_ly_main.ly:260:9",1510.947,22.671,""
"gis'","/home/henri/projects/partitur-data/Tuhan_Maha_Kasih/Tuhan_Maha_Kasih_ly_main.ly:564:14",1513.687,56.626,""
"gis'","/home/henri/projects/partitur-data/Tuhan_Maha_Kasih/Tuhan_Maha_Kasih_ly_main.ly:469:14",1513.687,46.353,""
"gis''","/home/henri/projects/partitur-data/Tuhan_Maha_Kasih/Tuhan_Maha_Kasih_ly_main.ly:372:16",1513.687,33.047,""
"gis''","/home/henri/projects/partitur-data/Tuhan_Maha_Kasih/Tuhan_Maha_Kasih_ly_main.ly:260:16",1513.687,22.671,""
"dis''","/home/henri/projects/partitur-data/Tuhan_Maha_Kasih/Tuhan_Maha_Kasih_ly_main.ly:565:3",1517.672,56.626,""
"dis''","/home/henri/projects/partitur-data/Tuhan_Maha_Kasih/Tuhan_Maha_Kasih_ly_main.ly:470:3",1517.672,46.353,""
"dis'''","/home/henri/projects/partitur-data/Tuhan_Maha_Kasih/Tuhan_Maha_Kasih_ly_main.ly:373:3",1517.672,33.047,""
"dis'''","/home/henri/projects/partitur-data/Tuhan_Maha_Kasih/Tuhan_Maha_Kasih_ly_main.ly:261:3",1517.672,22.671,""
"cis''","/home/henri/projects/partitur-data/Tuhan_Maha_Kasih/Tuhan_Maha_Kasih_ly_main.ly:565:12",1520.412,56.626,""
"cis''","/home/henri/projects/partitur-data/Tuhan_Maha_Kasih/Tuhan_Maha_Kasih_ly_main.ly:470:12",1520.412,46.353,""
"cis'''","/home/henri/projects/partitur-data/Tuhan_Maha_Kasih/Tuhan_Maha_Kasih_ly_main.ly:373:13",1520.412,33.047,""
"cis'''","/home/henri/projects/partitur-data/Tuhan_Maha_Kasih/Tuhan_Maha_Kasih_ly_main.ly:261:13",1520.412,22.671,""
"fis'","/home/henri/projects/partitur-data/Tuhan_Maha_Kasih/Tuhan_Maha_Kasih_ly_main.ly:565:21",1529.831,56.626,""
"ais'","/home/henri/projects/partitur-data/Tuhan_Maha_Kasih/Tuhan_Maha_Kasih_ly_main.ly:470:21",1529.831,46.353,""
"cis'''","/home/henri/projects/partitur-data/Tuhan_Maha_Kasih/Tuhan_Maha_Kasih_ly_main.ly:373:23",1529.831,33.047,""
"ais''","/home/henri/projects/partitur-data/Tuhan_Maha_Kasih/Tuhan_Maha_Kasih_ly_main.ly:261:23",1529.831,22.671,""
"cis'","/home/henri/projects/partitur-data/Tuhan_Maha_Kasih/Tuhan_Maha_Kasih_ly_main.ly:565:27",1533.293,56.626,""
"ais'","/home/henri/projects/partitur-data/Tuhan_Maha_Kasih/Tuhan_Maha_Kasih_ly_main.ly:470:27",1533.293,46.353,""
"cis'''","/home/henri/projects/partitur-data/Tuhan_Maha_Kasih/Tuhan_Maha_Kasih_ly_main.ly:373:31",1533.293,33.047,""
"ais''","/home/henri/projects/partitur-data/Tuhan_Maha_Kasih/Tuhan_Maha_Kasih_ly_main.ly:261:30",1533.293,22.671,""
"dis'","/home/henri/projects/partitur-data/Tuhan_Maha_Kasih/Tuhan_Maha_Kasih_ly_main.ly:565:33",1536.278,56.626,""
"fis'","/home/henri/projects/partitur-data/Tuhan_Maha_Kasih/Tuhan_Maha_Kasih_ly_main.ly:470:33",1536.278,46.353,""
"dis'''","/home/henri/projects/partitur-data/Tuhan_Maha_Kasih/Tuhan_Maha_Kasih_ly_main.ly:373:39",1536.278,33.047,""
"b''","/home/henri/projects/partitur-data/Tuhan_Maha_Kasih/Tuhan_Maha_Kasih_ly_main.ly:261:37",1536.278,22.671,""
"e'","/home/henri/projects/partitur-data/Tuhan_Maha_Kasih/Tuhan_Maha_Kasih_ly_main.ly:566:3",1540.263,56.626,""
"gis'","/home/henri/projects/partitur-data/Tuhan_Maha_Kasih/Tuhan_Maha_Kasih_ly_main.ly:471:3",1540.263,46.353,""
"e'''","/home/henri/projects/partitur-data/Tuhan_Maha_Kasih/Tuhan_Maha_Kasih_ly_main.ly:374:3",1540.263,33.047,""
"cis'''","/home/henri/projects/partitur-data/Tuhan_Maha_Kasih/Tuhan_Maha_Kasih_ly_main.ly:262:3",1540.263,22.671,""
"fis'","/home/henri/projects/partitur-data/Tuhan_Maha_Kasih/Tuhan_Maha_Kasih_ly_main.ly:567:5",1548.142,56.626,""
"b'","/home/henri/projects/partitur-data/Tuhan_Maha_Kasih/Tuhan_Maha_Kasih_ly_main.ly:472:5",1548.142,46.353,""
"dis'''","/home/henri/projects/partitur-data/Tuhan_Maha_Kasih/Tuhan_Maha_Kasih_ly_main.ly:375:5",1548.142,33.047,""
"dis'''","/home/henri/projects/partitur-data/Tuhan_Maha_Kasih/Tuhan_Maha_Kasih_ly_main.ly:263:5",1548.142,22.671,""
"fis'","/home/henri/projects/partitur-data/Tuhan_Maha_Kasih/Tuhan_Maha_Kasih_ly_main.ly:567:11",1551.38,56.626,""
"ais'","/home/henri/projects/partitur-data/Tuhan_Maha_Kasih/Tuhan_Maha_Kasih_ly_main.ly:472:9",1551.38,46.353,""
"cis'''","/home/henri/projects/partitur-data/Tuhan_Maha_Kasih/Tuhan_Maha_Kasih_ly_main.ly:375:13",1551.38,33.047,""
"cis'''","/home/henri/projects/partitur-data/Tuhan_Maha_Kasih/Tuhan_Maha_Kasih_ly_main.ly:263:13",1551.38,22.671,""
"fis'","/home/henri/projects/partitur-data/Tuhan_Maha_Kasih/Tuhan_Maha_Kasih_ly_main.ly:567:17",1554.618,56.626,""
"gis'","/home/henri/projects/partitur-data/Tuhan_Maha_Kasih/Tuhan_Maha_Kasih_ly_main.ly:472:15",1554.618,46.353,""
"e'''","/home/henri/projects/partitur-data/Tuhan_Maha_Kasih/Tuhan_Maha_Kasih_ly_main.ly:375:21",1554.618,33.047,""
"b''","/home/henri/projects/partitur-data/Tuhan_Maha_Kasih/Tuhan_Maha_Kasih_ly_main.ly:263:21",1554.618,22.671,""
"b","/home/henri/projects/partitur-data/Tuhan_Maha_Kasih/Tuhan_Maha_Kasih_ly_main.ly:570:3",1559.1,56.626,""
"fis'","/home/henri/projects/partitur-data/Tuhan_Maha_Kasih/Tuhan_Maha_Kasih_ly_main.ly:475:3",1559.1,46.353,""
"dis'''","/home/henri/projects/partitur-data/Tuhan_Maha_Kasih/Tuhan_Maha_Kasih_ly_main.ly:378:3",1559.1,33.047,""
"b''","/home/henri/projects/partitur-data/Tuhan_Maha_Kasih/Tuhan_Maha_Kasih_ly_main.ly:266:3",1559.1,22.671,""
"b","/home/henri/projects/partitur-data/Tuhan_Maha_Kasih/Tuhan_Maha_Kasih_ly_main.ly:571:6",1580.044,56.626,""
"fisis'","/home/henri/projects/partitur-data/Tuhan_Maha_Kasih/Tuhan_Maha_Kasih_ly_main.ly:476:6",1580.044,46.353,""
"e'''","/home/henri/projects/partitur-data/Tuhan_Maha_Kasih/Tuhan_Maha_Kasih_ly_main.ly:379:6",1580.044,33.047,""
"b''","/home/henri/projects/partitur-data/Tuhan_Maha_Kasih/Tuhan_Maha_Kasih_ly_main.ly:267:6",1580.044,22.671,""
"b","/home/henri/projects/partitur-data/Tuhan_Maha_Kasih/Tuhan_Maha_Kasih_ly_main.ly:571:9",1583.984,56.626,""
"fisis'","/home/henri/projects/partitur-data/Tuhan_Maha_Kasih/Tuhan_Maha_Kasih_ly_main.ly:476:14",1583.984,46.353,""
"e'''","/home/henri/projects/partitur-data/Tuhan_Maha_Kasih/Tuhan_Maha_Kasih_ly_main.ly:379:12",1583.984,33.047,""
"cis'''","/home/henri/projects/partitur-data/Tuhan_Maha_Kasih/Tuhan_Maha_Kasih_ly_main.ly:267:46",1583.984,22.671,""
"b","/home/henri/projects/partitur-data/Tuhan_Maha_Kasih/Tuhan_Maha_Kasih_ly_main.ly:571:12",1587.924,56.626,""
"a'","/home/henri/projects/partitur-data/Tuhan_Maha_Kasih/Tuhan_Maha_Kasih_ly_main.ly:476:22",1587.924,46.353,""
"e'''","/home/henri/projects/partitur-data/Tuhan_Maha_Kasih/Tuhan_Maha_Kasih_ly_main.ly:379:18",1587.924,33.047,""
"e'''","/home/henri/projects/partitur-data/Tuhan_Maha_Kasih/Tuhan_Maha_Kasih_ly_main.ly:267:54",1587.924,22.671,""
"b","/home/henri/projects/partitur-data/Tuhan_Maha_Kasih/Tuhan_Maha_Kasih_ly_main.ly:576:3",1609.496,56.626,""
"fis'","/home/henri/projects/partitur-data/Tuhan_Maha_Kasih/Tuhan_Maha_Kasih_ly_main.ly:481:3",1609.496,46.353,""
"cis'''","/home/henri/projects/partitur-data/Tuhan_Maha_Kasih/Tuhan_Maha_Kasih_ly_main.ly:384:3",1609.496,33.047,""
"dis'''","/home/henri/projects/partitur-data/Tuhan_Maha_Kasih/Tuhan_Maha_Kasih_ly_main.ly:272:3",1609.496,22.671,""
"b","/home/henri/projects/partitur-data/Tuhan_Maha_Kasih/Tuhan_Maha_Kasih_ly_main.ly:572:4",1770.12,64.707,""
"b'","/home/henri/projects/partitur-data/Tuhan_Maha_Kasih/Tuhan_Maha_Kasih_ly_main.ly:572:6",1770.12,61.128,""
"fis'","/home/henri/projects/partitur-data/Tuhan_Maha_Kasih/Tuhan_Maha_Kasih_ly_main.ly:477:4",1770.12,53.32,""
"b'","/home/henri/projects/partitur-data/Tuhan_Maha_Kasih/Tuhan_Maha_Kasih_ly_main.ly:477:9",1770.12,49.714,""
"cis'''","/home/henri/projects/partitur-data/Tuhan_Maha_Kasih/Tuhan_Maha_Kasih_ly_main.ly:380:4",1770.12,38.508,""
"dis'''","/home/henri/projects/partitur-data/Tuhan_Maha_Kasih/Tuhan_Maha_Kasih_ly_main.ly:380:11",1770.12,34.902,""
"dis'''","/home/henri/projects/partitur-data/Tuhan_Maha_Kasih/Tuhan_Maha_Kasih_ly_main.ly:268:4",1770.12,27.007,""
"fis'''","/home/henri/projects/partitur-data/Tuhan_Maha_Kasih/Tuhan_Maha_Kasih_ly_main.ly:268:11",1770.12,23.373,""
